id,slug,name,imageUrl,sourceUrl,sourceRevision,creator,license,licenseUrl,attribution,kind,alt,sha256,bytes,width,height,status
catalog-owner-2026-001,san-jose,San José,/catalog/owner-2026/owner-2026-001.webp,"https://commons.wikimedia.org/wiki/File:Saint_Joseph_with_the_Infant_Jesus_by_Guido_Reni,_c_1635.jpg",1040619845,Guido Reni,Public domain,"https://commons.wikimedia.org/wiki/File:Saint_Joseph_with_the_Infant_Jesus_by_Guido_Reni,_c_1635.jpg#Licensing",Guido Reni; Wikimedia Commons; dominio público (reproducción de pintura antigua).,painting,"San José sosteniendo al Niño Jesús, pintura de Guido Reni.",036c2c11298f047dcc7f3b02787f40c33ee8fba86766999af5565425620c66c6,90460,986,1200,PASS_SOURCE_REVERIFIED_AND_REMOTE_ANONYMOUS_200_WEBP
catalog-owner-2026-002,san-pedro,San Pedro,/catalog/owner-2026/owner-2026-002.webp,https://commons.wikimedia.org/wiki/File:El_Greco_-_Saint_Peter_-_WGA10621.jpg,1225913046,El Greco,Public domain,https://commons.wikimedia.org/wiki/File:El_Greco_-_Saint_Peter_-_WGA10621.jpg#Licensing,El Greco; Wikimedia Commons; dominio público (reproducción de pintura antigua).,painting,"Representación pictórica de San Pedro, obra de El Greco.",fffcf22732eecb5e7a68921883fa6aa3c9b15cb0a192688b0bf6e82859fbc595,172562,602,1200,PASS_SOURCE_REVERIFIED_AND_REMOTE_ANONYMOUS_200_WEBP
catalog-owner-2026-003,san-pablo-de-tarso,San Pablo de Tarso,/catalog/owner-2026/owner-2026-003.webp,https://commons.wikimedia.org/wiki/File:El_Greco_-_St._Paul_-_Google_Art_Project.jpg,1225913354,El Greco,Public domain,https://commons.wikimedia.org/wiki/File:El_Greco_-_St._Paul_-_Google_Art_Project.jpg#Licensing,El Greco; Wikimedia Commons; dominio público (reproducción de pintura antigua).,painting,"Representación pictórica de San Pablo de Tarso, obra de El Greco.",1faa5b233b8af6df070c1f50358df7b8445fa620fe2bb0f5ed2aa913984d1ed5,89488,950,1200,PASS_SOURCE_REVERIFIED_AND_REMOTE_ANONYMOUS_200_WEBP
catalog-owner-2026-004,san-juan-evangelista,San Juan Evangelista,/catalog/owner-2026/owner-2026-004.webp,"https://commons.wikimedia.org/wiki/File:El_Greco_-_Saint_John_the_Evangelist,_Henke_Collection.jpg",1225912827,El Greco,Public domain,"https://commons.wikimedia.org/wiki/File:El_Greco_-_Saint_John_the_Evangelist,_Henke_Collection.jpg#Licensing",El Greco; Wikimedia Commons; dominio público (reproducción de pintura antigua).,painting,"Representación pictórica de San Juan Evangelista, obra de El Greco.",33d0e7fd36c1dc62006910b2620c46634ec84ba2801466068ef3c26d5a5d7fa2,215544,940,1200,PASS_SOURCE_REVERIFIED_AND_REMOTE_ANONYMOUS_200_WEBP
catalog-owner-2026-005,san-mateo,San Mateo,/catalog/owner-2026/owner-2026-005.webp,https://commons.wikimedia.org/wiki/File:El_Greco_-_St._Matthew_-_Google_Art_Project.jpg,1127604519,El Greco,Public domain,https://commons.wikimedia.org/wiki/File:El_Greco_-_St._Matthew_-_Google_Art_Project.jpg#Licensing,El Greco; Wikimedia Commons; dominio público (reproducción de pintura antigua).,painting,"Representación pictórica de San Mateo, obra de El Greco.",04292e5cfe53daa8204dd94d8537b3323b8209b4fc7e2405689c224fca0efa49,105116,957,1200,PASS_SOURCE_REVERIFIED_AND_REMOTE_ANONYMOUS_200_WEBP
catalog-owner-2026-006,san-marcos,San Marcos,/catalog/owner-2026/owner-2026-006.webp,"https://commons.wikimedia.org/wiki/File:Reni_-_Saint_Mark,_1621.jpg",1090893686,Guido Reni,CC BY-SA 4.0,https://creativecommons.org/licenses/by-sa/4.0,Guido Reni; Wikimedia Commons; CC BY-SA 4.0; archivo publicado por Maltaper; indicar cualquier adaptación.,painting,"Representación pictórica de San Marcos, obra de Guido Reni.",be6ee8948f3f60d43e2d2ee07d01d89c673a4bbb451650c4f72c5f8dd3e1d4fe,132028,960,1163,PASS_SOURCE_REVERIFIED_AND_REMOTE_ANONYMOUS_200_WEBP
catalog-owner-2026-007,san-lucas,San Lucas,/catalog/owner-2026/owner-2026-007.webp,https://commons.wikimedia.org/wiki/File:El_Greco_-_St_Luke_-_WGA10577.jpg,1035862382,El Greco,Public domain,https://commons.wikimedia.org/wiki/File:El_Greco_-_St_Luke_-_WGA10577.jpg#Licensing,El Greco; Wikimedia Commons; dominio público (reproducción de pintura antigua).,painting,"Representación pictórica de San Lucas, obra de El Greco.",c44e4e5c85743e36da212fed539ae909e747e951feec2545af69bda67cb759af,94388,900,1116,PASS_SOURCE_REVERIFIED_AND_REMOTE_ANONYMOUS_200_WEBP
catalog-owner-2026-008,san-juan-bautista,San Juan Bautista,/catalog/owner-2026/owner-2026-008.webp,https://commons.wikimedia.org/wiki/File:El_Greco_-_St._John_the_Baptist_-_WGA10548.jpg,1239902449,El Greco,Public domain,https://commons.wikimedia.org/wiki/File:El_Greco_-_St._John_the_Baptist_-_WGA10548.jpg#Licensing,El Greco; Wikimedia Commons; dominio público (reproducción de pintura antigua).,painting,"Representación pictórica de San Juan Bautista, obra de El Greco.",3a22fbbe712006f7b5eb52a24b2b5d7a62d049383bc432269ac430011cd90b3f,116292,717,1200,PASS_SOURCE_REVERIFIED_AND_REMOTE_ANONYMOUS_200_WEBP
catalog-owner-2026-009,santiago-el-mayor,Santiago el Mayor,/catalog/owner-2026/owner-2026-009.webp,"https://commons.wikimedia.org/wiki/File:El_Greco_-_St._James_the_Greater,_Henke_Collection.jpg",1111603010,El Greco,Public domain,"https://commons.wikimedia.org/wiki/File:El_Greco_-_St._James_the_Greater,_Henke_Collection.jpg#Licensing",El Greco; Wikimedia Commons; dominio público (reproducción de pintura antigua).,painting,"Representación pictórica de Santiago el Mayor, obra de El Greco.",743ad7c26fb037bc87717d582b4ea17a5229d4ab0f3b0bd3747ee11f257bc6cf,274874,957,1200,PASS_SOURCE_REVERIFIED_AND_REMOTE_ANONYMOUS_200_WEBP
catalog-owner-2026-010,santiago-el-menor,Santiago el Menor,/catalog/owner-2026/owner-2026-010.webp,https://commons.wikimedia.org/wiki/File:El_Greco_-_St._James_the_Less_-_Google_Art_Project.jpg,1225913281,El Greco,Public domain,https://commons.wikimedia.org/wiki/File:El_Greco_-_St._James_the_Less_-_Google_Art_Project.jpg#Licensing,El Greco; Wikimedia Commons; dominio público (reproducción de pintura antigua).,painting,"Representación pictórica de Santiago el Menor, obra de El Greco.",e8ae76ae5c43d808958c085b13ad99c55c796995422c0a7d591bb193d2fd87ad,207496,960,1191,PASS_SOURCE_REVERIFIED_AND_REMOTE_ANONYMOUS_200_WEBP
catalog-owner-2026-011,san-andres,San Andrés,/catalog/owner-2026/owner-2026-011.webp,https://commons.wikimedia.org/wiki/File:The_Apostle_St._Andrew_LACMA_52.16.jpg,1091629966,Escuela de El Greco,Public domain,https://commons.wikimedia.org/wiki/File:The_Apostle_St._Andrew_LACMA_52.16.jpg#Licensing,Escuela de El Greco; Wikimedia Commons; dominio público (reproducción de pintura antigua).,painting,"Representación pictórica de San Andrés, obra de Escuela de El Greco.",76b506f7490ada2dafc24302ca4b649bd14fece84f31a826526e7c7c9165ea16,274290,918,1200,PASS_SOURCE_REVERIFIED_AND_REMOTE_ANONYMOUS_200_WEBP
catalog-owner-2026-012,santo-tomas,Santo Tomás,/catalog/owner-2026/owner-2026-012.webp,https://commons.wikimedia.org/wiki/File:El_Greco_-_St._Thomas_-_Google_Art_Project.jpg,1225913365,El Greco,Public domain,https://commons.wikimedia.org/wiki/File:El_Greco_-_St._Thomas_-_Google_Art_Project.jpg#Licensing,El Greco; Wikimedia Commons; dominio público (reproducción de pintura antigua).,painting,"Representación pictórica de Santo Tomás, obra de El Greco.",25ad62f5e4a9b5772f3fca015d284461849fb00e4f90637c773ec442118176a4,287638,957,1200,PASS_SOURCE_REVERIFIED_AND_REMOTE_ANONYMOUS_200_WEBP
catalog-owner-2026-013,san-felipe,San Felipe,/catalog/owner-2026/owner-2026-013.webp,https://commons.wikimedia.org/wiki/File:Rubens_apostel_philippus.jpg,1267216664,Peter Paul Rubens,Public domain,https://commons.wikimedia.org/wiki/File:Rubens_apostel_philippus.jpg#Licensing,Peter Paul Rubens; Wikimedia Commons; dominio público (reproducción de pintura antigua).,painting,"Representación pictórica de San Felipe, obra de Peter Paul Rubens.",a92a73f29d8ac794ad03d8dd7c4d2bfe23f91f34c272fd06ff8ac73a108df9ac,167534,919,1200,PASS_SOURCE_REVERIFIED_AND_REMOTE_ANONYMOUS_200_WEBP
catalog-owner-2026-014,san-bartolome,San Bartolomé,/catalog/owner-2026/owner-2026-014.webp,"https://commons.wikimedia.org/wiki/File:El_Greco_-_Saint_Bartholomew,_Seligman.jpg",1225912685,El Greco,Public domain,"https://commons.wikimedia.org/wiki/File:El_Greco_-_Saint_Bartholomew,_Seligman.jpg#Licensing",El Greco; Wikimedia Commons; dominio público (reproducción de pintura antigua).,painting,"Representación pictórica de San Bartolomé, obra de El Greco.",db36f662b0e27e523055084e15af994b768a076e1e507c86ad2c9fd9e255f899,118986,960,1193,PASS_SOURCE_REVERIFIED_AND_REMOTE_ANONYMOUS_200_WEBP
catalog-owner-2026-015,san-simon,San Simón,/catalog/owner-2026/owner-2026-015.webp,https://commons.wikimedia.org/wiki/File:El_Greco_-_St._Simon_-_Google_Art_Project.jpg,970713160,El Greco,Public domain,https://commons.wikimedia.org/wiki/File:El_Greco_-_St._Simon_-_Google_Art_Project.jpg#Licensing,El Greco; Wikimedia Commons; dominio público (reproducción de pintura antigua).,painting,"Representación pictórica de San Simón, obra de El Greco.",e147599844447628730f8f004cf1b2115efcf1f9aaff7b9c9c5133e932be88dc,99736,950,1200,PASS_SOURCE_REVERIFIED_AND_REMOTE_ANONYMOUS_200_WEBP
catalog-owner-2026-016,san-judas-tadeo,San Judas Tadeo,/catalog/owner-2026/owner-2026-016.webp,https://commons.wikimedia.org/wiki/File:Anthony_van_Dyck_-_The_Apostle_Judas_Thaddeus_20455.jpg,1055403249,Anthony van Dyck,Public domain,https://commons.wikimedia.org/wiki/File:Anthony_van_Dyck_-_The_Apostle_Judas_Thaddeus_20455.jpg#Licensing,Anthony van Dyck; Wikimedia Commons; dominio público (reproducción de pintura antigua).,painting,"Representación pictórica de San Judas Tadeo, obra de Anthony van Dyck.",b776f9c207e49b79bdd90391cf29d2257027639e8cd9f0636b7f9d4c452134a1,184582,866,1200,PASS_SOURCE_REVERIFIED_AND_REMOTE_ANONYMOUS_200_WEBP
catalog-owner-2026-017,san-matias,San Matías,/catalog/owner-2026/owner-2026-017.webp,https://commons.wikimedia.org/wiki/File:Rubens_apostle_Matthias_grt.jpg,1267216798,Peter Paul Rubens,Public domain,https://commons.wikimedia.org/wiki/File:Rubens_apostle_Matthias_grt.jpg#Licensing,Peter Paul Rubens; Wikimedia Commons; dominio público (reproducción de pintura antigua).,painting,"Representación pictórica de San Matías, obra de Peter Paul Rubens.",f8b1e7bda59b15ec28cf970233a9da5683f19f861964cb14b6fe8daed4597137,149612,909,1200,PASS_SOURCE_REVERIFIED_AND_REMOTE_ANONYMOUS_200_WEBP
catalog-owner-2026-018,santa-maria-magdalena,Santa María Magdalena,/catalog/owner-2026/owner-2026-018.webp,"https://commons.wikimedia.org/wiki/File:Penitent_Magdalene_(c.1558-63),_by_Titian.jpg",1175293296,Tiziano,Public domain,"https://commons.wikimedia.org/wiki/File:Penitent_Magdalene_(c.1558-63),_by_Titian.jpg#Licensing",Tiziano; Wikimedia Commons; dominio público (reproducción de pintura antigua).,painting,"Representación pictórica de Santa María Magdalena, obra de Tiziano.",c6dd64f5b187dcf36cee6dce3149e68a8c6bc33ee76f8c68b7d19a2cf06de09d,357400,943,1200,PASS_SOURCE_REVERIFIED_AND_REMOTE_ANONYMOUS_200_WEBP
catalog-owner-2026-019,santa-ana,Santa Ana,/catalog/owner-2026/owner-2026-019.webp,https://commons.wikimedia.org/wiki/File:Santa_Ana_y_la_Virgen.jpg,1088732231,Bartolomé Esteban Murillo,Public domain,https://commons.wikimedia.org/wiki/File:Santa_Ana_y_la_Virgen.jpg#Licensing,Bartolomé Esteban Murillo; Wikimedia Commons; dominio público (reproducción de pintura antigua).,painting,"Santa Ana enseñando a la Virgen María niña, representación tradicional de Murillo.",5d553179ae4f885f8c576b5d42d0e4e24bd96c59d9e9f8dccfca1ffc751ca93a,201866,960,1189,PASS_SOURCE_REVERIFIED_AND_REMOTE_ANONYMOUS_200_WEBP
catalog-owner-2026-020,san-joaquin,San Joaquín,/catalog/owner-2026/owner-2026-020.webp,https://commons.wikimedia.org/wiki/File:Lucas_Cranach_d._%C3%84._-_The_Annunciation_to_Joachim_-_WGA05664.jpg,1216317124,Lucas Cranach el Viejo,Public domain,https://commons.wikimedia.org/wiki/File:Lucas_Cranach_d._%C3%84._-_The_Annunciation_to_Joachim_-_WGA05664.jpg#Licensing,Lucas Cranach el Viejo; Wikimedia Commons; dominio público (reproducción de pintura antigua).,painting,"Anuncio del nacimiento de María a San Joaquín, escena de tradición apócrifa pintada por Cranach.",e8afe5002338ef342d1deaa5e5a2138e609851f30c2ec2d3342e5afe0d75ee89,275308,960,1154,PASS_SOURCE_REVERIFIED_AND_REMOTE_ANONYMOUS_200_WEBP
catalog-owner-2026-021,santa-isabel,"Santa Isabel, madre de Juan Bautista",/catalog/owner-2026/owner-2026-021.webp,https://commons.wikimedia.org/wiki/File:Sodoma_-_The_Holy_Family_with_Saint_Elizabeth_and_the_Infant_Saint_John_the_Baptist_-_Walters_37522_-_View_B.jpg,1068254882,Il Sodoma,Public domain,https://creativecommons.org/publicdomain/mark/1.0/,"Il Sodoma — Sodoma - The Holy Family with Saint Elizabeth and the Infant Saint John the Baptist - Walters 37522 - View B.jpg — Wikimedia Commons, Public domain.",painting,Il Sodoma: Isabel sostiene al pequeño Juan Bautista junto a la Sagrada Familia.,e562acfadb37833de91b9813b3dede74f6bf540ee1d289d73152bcd9cd85d698,223776,960,959,PASS_SOURCE_REVERIFIED_AND_REMOTE_ANONYMOUS_200_WEBP
catalog-owner-2026-022,san-zacarias,"San Zacarías, padre de Juan Bautista",/catalog/owner-2026/owner-2026-022.webp,https://commons.wikimedia.org/wiki/File:The_Birth_and_Naming_of_Saint_John_the_Baptist_MET_231406.jpg,1012021484,Sano di Pietro,CC0,https://creativecommons.org/publicdomain/zero/1.0/deed.en,"Sano di Pietro — The Birth and Naming of Saint John the Baptist MET 231406.jpg — Wikimedia Commons, CC0.",painting,"Sano di Pietro: escena del nacimiento y la imposición del nombre de Juan Bautista, con Zacarías.",25d574d3897c680b1af73b79af93db20aea886255347b96bbd18a008c6cab7e4,145622,960,504,PASS_SOURCE_REVERIFIED_AND_REMOTE_ANONYMOUS_200_WEBP
catalog-owner-2026-023,san-miguel-arcangel,San Miguel Arcángel,/catalog/owner-2026/owner-2026-023.webp,https://commons.wikimedia.org/wiki/File:GuidoReni_MichaelDefeatsSatan.jpg,1180327783,Guido Reni,Public domain,https://creativecommons.org/publicdomain/mark/1.0/,"Guido Reni — GuidoReni MichaelDefeatsSatan.jpg — Wikimedia Commons, Public domain.",painting,Guido Reni: pintura del arcángel Miguel venciendo al adversario.,af6c186a4b140830ad3ec84cb337b954476b2c014e6f5acb150ad15e8eac6dfc,86188,815,1200,PASS_SOURCE_REVERIFIED_AND_REMOTE_ANONYMOUS_200_WEBP
catalog-owner-2026-024,san-gabriel-arcangel,San Gabriel Arcángel,/catalog/owner-2026/owner-2026-024.webp,https://commons.wikimedia.org/wiki/File:Francesco_Caldei_-_Flower_garland_surrounding_the_angel_Gabriel.jpg,1212841436,Francesco Caldei,Public domain,https://creativecommons.org/publicdomain/mark/1.0/,"Francesco Caldei — Francesco Caldei - Flower garland surrounding the angel Gabriel.jpg — Wikimedia Commons, Public domain.",painting,Francesco Caldei: pintura del ángel Gabriel rodeado por una guirnalda floral.,37a49062761339d9c71adc20851eec20b0293133f9ba31fd4bac28b2485e5cbc,349614,894,1200,PASS_SOURCE_REVERIFIED_AND_REMOTE_ANONYMOUS_200_WEBP
catalog-owner-2026-025,san-rafael-arcangel,San Rafael Arcángel,/catalog/owner-2026/owner-2026-025.webp,https://commons.wikimedia.org/wiki/File:Perugino_archangel_raphael_with_tobias_c_1500.jpg,1039954031,Pietro Perugino,Public domain,https://creativecommons.org/publicdomain/mark/1.0/,"Pietro Perugino — Perugino archangel raphael with tobias c 1500.jpg — Wikimedia Commons, Public domain.",painting,Pietro Perugino: el arcángel Rafael acompaña a Tobías.,00660be99ca0a385190adf14dc441e0763b2d9c4e12edb82969063d3e5f22e67,123322,584,1200,PASS_SOURCE_REVERIFIED_AND_REMOTE_ANONYMOUS_200_WEBP
catalog-owner-2026-026,san-agustin-de-hipona,San Agustín de Hipona,/catalog/owner-2026/owner-2026-026.webp,https://commons.wikimedia.org/wiki/File:Philippe_de_Champaigne_-_Saint_Augustine_-_LACMA_-_without_frame.jpg,1157035324,Philippe de Champaigne,Public domain,https://creativecommons.org/publicdomain/mark/1.0/,"Philippe de Champaigne — Philippe de Champaigne - Saint Augustine - LACMA - without frame.jpg — Wikimedia Commons, Public domain.",painting,Philippe de Champaigne: san Agustín de Hipona representado como obispo y escritor.,dcdd97e4ba47dc89a898de7d81225c8553a5c481ba105c6bdc76264d8cae0427,233944,930,1200,PASS_SOURCE_REVERIFIED_AND_REMOTE_ANONYMOUS_200_WEBP
catalog-owner-2026-027,santo-tomas-de-aquino,Santo Tomás de Aquino,/catalog/owner-2026/owner-2026-027.webp,https://commons.wikimedia.org/wiki/File:St-thomas-aquinas.jpg,1045783379,Carlo Crivelli,Public domain,https://creativecommons.org/publicdomain/mark/1.0/,"Carlo Crivelli — St-thomas-aquinas.jpg — Wikimedia Commons, Public domain.",painting,Carlo Crivelli: pintura de santo Tomás de Aquino con su hábito dominico.,07d3b014cfdeeb849fed1649d104c67d6dc761da8e68db8339281de9576e9ddd,230122,801,1200,PASS_SOURCE_REVERIFIED_AND_REMOTE_ANONYMOUS_200_WEBP
catalog-owner-2026-028,san-jeronimo,San Jerónimo,/catalog/owner-2026/owner-2026-028.webp,https://commons.wikimedia.org/wiki/File:Antonello_da_Messina_-_St_Jerome_in_his_study_-_National_Gallery_London.jpg,1061268577,Antonello da Messina,Public domain,https://creativecommons.org/publicdomain/mark/1.0/,"Antonello da Messina — Antonello da Messina - St Jerome in his study - National Gallery London.jpg — Wikimedia Commons, Public domain.",painting,"Antonello da Messina: san Jerónimo en su estudio, representación pictórica.",7cd5e0ceb8a028c1f46fd18ae74457e32250420eb9d58b5602c55b0600f739fc,196268,946,1200,PASS_SOURCE_REVERIFIED_AND_REMOTE_ANONYMOUS_200_WEBP
catalog-owner-2026-029,san-ambrosio-de-milan,San Ambrosio de Milán,/catalog/owner-2026/owner-2026-029.webp,https://commons.wikimedia.org/wiki/File:Clevelandart_1969.23.jpg,862088231,Francisco Goya,CC0,https://creativecommons.org/publicdomain/zero/1.0/deed.en,"Francisco Goya — Clevelandart 1969.23.jpg — Wikimedia Commons, CC0.",painting,"Francisco de Goya: san Ambrosio, obra conservada por el Cleveland Museum of Art.",1d7220b32c2d783e08e8f384cdc860e4334ff6ac7eefd76351c74e19a3546fa7,95764,708,1200,PASS_SOURCE_REVERIFIED_AND_REMOTE_ANONYMOUS_200_WEBP
catalog-owner-2026-030,san-gregorio-magno,San Gregorio Magno,/catalog/owner-2026/owner-2026-030.webp,"https://commons.wikimedia.org/wiki/File:Francisco_de_Goya_-_Saint_Gregory_the_Great,_Pope_-_Google_Art_Project.jpg",1259969373,Francisco Goya,Public domain,https://creativecommons.org/publicdomain/mark/1.0/,"Francisco Goya — Francisco de Goya - Saint Gregory the Great, Pope - Google Art Project.jpg — Wikimedia Commons, Public domain.",painting,Francisco de Goya: representación de san Gregorio Magno como papa.,865355c127599cee5ef9de45b041fe7e028f85c7ba087a5e5a8489b8d68cbc86,84842,682,1200,PASS_SOURCE_REVERIFIED_AND_REMOTE_ANONYMOUS_200_WEBP
catalog-owner-2026-031,san-juan-crisostomo,San Juan Crisóstomo,/catalog/owner-2026/owner-2026-031.webp,https://commons.wikimedia.org/wiki/File:John_Chrysostom_(Dionisius).jpg,1127154887,Dionisius,Public domain,https://creativecommons.org/publicdomain/mark/1.0/,"Dionisius — John Chrysostom (Dionisius).jpg — Wikimedia Commons, Public domain.",painting,Dionisio: icono de san Juan Crisóstomo.,c5460887b04504330316931e688a13d5ca93d49f95fc7ff3fa5a2f607302b3ef,118856,450,1200,PASS_SOURCE_REVERIFIED_AND_REMOTE_ANONYMOUS_200_WEBP
catalog-owner-2026-032,san-atanasio,San Atanasio de Alejandría,/catalog/owner-2026/owner-2026-032.webp,https://commons.wikimedia.org/wiki/File:Saint-Athanasius-of-Alexandria-icon-Sozopol-Bulgaria-17century.jpg,1130214071,Autor desconocido,Public domain,https://creativecommons.org/publicdomain/mark/1.0/,"Autor desconocido — Saint-Athanasius-of-Alexandria-icon-Sozopol-Bulgaria-17 century.jpg — Wikimedia Commons, Public domain.",painting,"Icono de san Atanasio de Alejandría procedente de Sozopol, Bulgaria, siglo XVII.",4d52f85530e2b3dadee1e9a012c39506a415a1665453f16ad8112b1d3ba6cf8a,441290,862,1200,PASS_SOURCE_REVERIFIED_AND_REMOTE_ANONYMOUS_200_WEBP
catalog-owner-2026-033,san-basilio-el-grande,San Basilio el Grande,/catalog/owner-2026/owner-2026-033.webp,"https://commons.wikimedia.org/wiki/File:Novgorod_School_-_Saint_Basil_the_Great_-_NG.M.01523_-_National_Museum_of_Art,_Architecture_and_Design.jpg",1165416651,Escuela de Nóvgorod,Public domain,https://creativecommons.org/publicdomain/mark/1.0/,"Escuela de Nóvgorod — Novgorod School - Saint Basil the Great - NG.M.01523 - National Museum of Art, Architecture and Design.jpg — Wikimedia Commons, Public domain.",painting,Escuela de Nóvgorod: icono de san Basilio el Grande.,a5ae17f3f14342dab2e404a96080cf8522623bc1009fa1e5ce95ea8555ef6cfa,140270,396,1200,PASS_SOURCE_REVERIFIED_AND_REMOTE_ANONYMOUS_200_WEBP
catalog-owner-2026-034,san-gregorio-nacianceno,San Gregorio Nacianceno,/catalog/owner-2026/owner-2026-034.webp,"https://commons.wikimedia.org/wiki/File:Gregory_of_Nazianzus_(1420s,_Sergiev_Posad).jpg",1207931655,Workshop of Daniel Chorny and Andrey Rublev,Public domain,https://creativecommons.org/publicdomain/mark/1.0/,"Workshop of Daniel Chorny and Andrey Rublev — Gregory of Nazianzus (1420 s, Sergiev Posad).jpg — Wikimedia Commons, Public domain.",painting,"Taller de Daniel Chorni y Andréi Rubliov: icono de san Gregorio Nacianceno, década de 1420.",52611835ca9e83bca44653cb211b5d8899462e102e408b8487a3d18fa906b833,126920,464,1200,PASS_SOURCE_REVERIFIED_AND_REMOTE_ANONYMOUS_200_WEBP
catalog-owner-2026-035,san-hilario-de-poitiers,San Hilario de Poitiers,/catalog/owner-2026/owner-2026-035.webp,https://commons.wikimedia.org/wiki/File:Saint_Martin_and_Saint_Hilary_MET_DP349135.jpg,1243581578,anonymous,CC0,https://creativecommons.org/publicdomain/zero/1.0/deed.en,"anonymous — Saint Martin and Saint Hilary MET DP 349135.jpg — Wikimedia Commons, CC0.",illustration,Tejido histórico que representa conjuntamente a san Martín y san Hilario; colección del Metropolitan Museum of Art.,f43b8793c60209d11ed43c815e7858144b8a45e2614ec6792af05b1f5777eba8,156976,960,720,PASS_SOURCE_REVERIFIED_AND_REMOTE_ANONYMOUS_200_WEBP
catalog-owner-2026-036,san-juan-damasceno,San Juan Damasceno,/catalog/owner-2026/owner-2026-036.webp,https://commons.wikimedia.org/wiki/File:Icon_of_Saint_John_of_Damascus_-_Emmanouel_Tzanes.jpg,1203559954,Emmanouel Tzanes,Public domain,https://creativecommons.org/publicdomain/mark/1.0/,"Emmanouel Tzanes — Icon of Saint John of Damascus - Emmanouel Tzanes.jpg — Wikimedia Commons, Public domain.",painting,Emmanuel Tzanes: icono de san Juan Damasceno.,2c7365e22e8e442157c54fe56f76a335f191483e0102378ed08ccf44f2af5370,156362,533,1200,PASS_SOURCE_REVERIFIED_AND_REMOTE_ANONYMOUS_200_WEBP
catalog-owner-2026-037,san-buenaventura-de-fidanza,San Buenaventura de Fidanza,/catalog/owner-2026/owner-2026-037.webp,https://commons.wikimedia.org/wiki/File:L%27Exposition_du_corps_de_saint_Bonaventure_-_Francisco_de_Zurbar%C3%A1n_-_Mus%C3%A9e_du_Louvre_Peintures_MI_205.jpg,1194883188,Francisco de Zurbarán,Public domain,https://creativecommons.org/publicdomain/mark/1.0/,"Francisco de Zurbarán — L'Exposition du corps de saint Bonaventure - Francisco de Zurbarán - Musée du Louvre Peintures MI 205.jpg — Wikimedia Commons, Public domain.",painting,"Francisco de Zurbarán: exposición del cuerpo de san Buenaventura, pintura del Museo del Louvre.",9868993978ae9bb33bcb33a33c09078ed03a6bff99ab470c8188a8d77c4099b5,169644,960,1124,PASS_SOURCE_REVERIFIED_AND_REMOTE_ANONYMOUS_200_WEBP
catalog-owner-2026-038,san-alberto-magno,San Alberto Magno,/catalog/owner-2026/owner-2026-038.webp,https://commons.wikimedia.org/wiki/File:Albertus_Magnus_Painting_by_Joos_van_Gent.jpeg,1267226983,Justus van Gent,Public domain,https://creativecommons.org/publicdomain/mark/1.0/,"Justus van Gent — Albertus Magnus Painting by Joos van Gent.jpeg — Wikimedia Commons, Public domain.",painting,Justo de Gante: representación pictórica de san Alberto Magno.,e9ce46c0fdb1441dbde0ee2583ad28e80c230ec6b70f798588a2233f87b1304a,69184,663,1200,PASS_SOURCE_REVERIFIED_AND_REMOTE_ANONYMOUS_200_WEBP
catalog-owner-2026-039,san-anselmo-de-canterbury,San Anselmo de Canterbury,/catalog/owner-2026/owner-2026-039.webp,https://commons.wikimedia.org/wiki/File:Anselm_of_Canterbury.jpg,1055160065,Autor desconocido; retrato histórico coloreado,Public domain,https://creativecommons.org/publicdomain/mark/1.0/,"Autor desconocido; retrato histórico coloreado — Anselm of Canterbury.jpg — Wikimedia Commons, Public domain.",illustration,"Retrato histórico coloreado de san Anselmo de Canterbury, de autor desconocido.",0accd29fe30ee6901a54f15255b28761c6618fcbbd26d17bccb9b0bd68dca4ec,186344,960,1061,PASS_SOURCE_REVERIFIED_AND_REMOTE_ANONYMOUS_200_WEBP
catalog-owner-2026-040,san-bernardo-de-claraval,San Bernardo de Claraval,/catalog/owner-2026/owner-2026-040.webp,https://commons.wikimedia.org/wiki/File:Saint_Bernard_Philippe_de_Champaigne_(d%27apr%C3%A8s)_Saint_Etienne_du_Mont.jpg,1158483047,François Vincent Latil,Public domain,https://creativecommons.org/publicdomain/mark/1.0/,"François Vincent Latil — Saint Bernard Philippe de Champaigne (d'après) Saint Etienne du Mont.jpg — Wikimedia Commons, Public domain.",painting,"François Vincent Latil, según Philippe de Champaigne: san Bernardo de Claraval.",1d9d56219ecac6a2e7b418cfe0b5bb796b7e81566bc6dd27309432fc26aacd97,125428,960,1193,PASS_SOURCE_REVERIFIED_AND_REMOTE_ANONYMOUS_200_WEBP
catalog-owner-2026-041,san-isidoro-de-sevilla,San Isidoro de Sevilla,/catalog/owner-2026/owner-2026-041.webp,https://commons.wikimedia.org/wiki/File:Isidor_von_Sevilla.jpeg,1057516754,Bartolomé Esteban Murillo,Public domain,https://commons.wikimedia.org/wiki/File:Isidor_von_Sevilla.jpeg#Licensing,Bartolomé Esteban Murillo — Wikimedia Commons — Public domain,painting,Representación histórica de San Isidoro de Sevilla.,62efbfeda3acb1172c5e2811060ec28d10c11f52240c8f4f8ec83b03a19ec3e2,412740,960,1068,PASS_SOURCE_REVERIFIED_AND_REMOTE_ANONYMOUS_200_WEBP
catalog-owner-2026-042,san-ildefonso-de-toledo,San Ildefonso de Toledo,/catalog/owner-2026/owner-2026-042.webp,https://commons.wikimedia.org/wiki/File:Ildefonso_de_Toledo_(cropped).jpg,1180324788,El Greco,Public domain,https://commons.wikimedia.org/wiki/File:Ildefonso_de_Toledo_(cropped).jpg#Licensing,El Greco — Wikimedia Commons — Public domain,painting,Representación histórica de San Ildefonso de Toledo.,fd8041dc21a2525feba727cde87d6de36817e741f96070b504e467ecf215a2c8,135384,811,1200,PASS_SOURCE_REVERIFIED_AND_REMOTE_ANONYMOUS_200_WEBP
catalog-owner-2026-043,san-leon-magno,San León Magno,/catalog/owner-2026/owner-2026-043.webp,https://commons.wikimedia.org/wiki/File:Herrera_mozo_San_Le%C3%B3n_magno_Lienzo._%C3%93valo._164_x_105_cm._Museo_del_Prado.png,1035865170,Francisco de Herrera el Mozo,Public domain,https://commons.wikimedia.org/wiki/File:Herrera_mozo_San_Le%C3%B3n_magno_Lienzo._%C3%93valo._164_x_105_cm._Museo_del_Prado.png#Licensing,Francisco de Herrera el Mozo — Wikimedia Commons — Public domain,painting,Representación histórica de San León Magno.,b3fcc974c264fa9256bf87bb05329033f0f086ce158b3faf2aa119e1c17f0491,128698,765,1200,PASS_SOURCE_REVERIFIED_AND_REMOTE_ANONYMOUS_200_WEBP
catalog-owner-2026-044,san-roberto-belarmino,San Roberto Belarmino,/catalog/owner-2026/owner-2026-044.webp,"https://commons.wikimedia.org/wiki/File:Portret_van_kardinaal_Robertus_Bellarminus,_onbekend,_schilderij,_Museum_Plantin-Moretus_(Antwerpen)_-_MPM_V_IV_110_(cropped).jpg",844108839,Autor no identificado,CC0,https://creativecommons.org/publicdomain/zero/1.0/deed.en,Autor no identificado — Wikimedia Commons — CC0,painting,Representación histórica de San Roberto Belarmino.,a8959da8735a75ea4d87a79da0e6d718dcd43fded616510d9820a88b692598d7,97166,925,1200,PASS_SOURCE_REVERIFIED_AND_REMOTE_ANONYMOUS_200_WEBP
catalog-owner-2026-045,san-pedro-canisio,San Pedro Canisio,/catalog/owner-2026/owner-2026-045.webp,https://commons.wikimedia.org/wiki/File:Saint_Petrus_Canisius.jpg,1268570682,Autor no identificado,Public domain,https://commons.wikimedia.org/wiki/File:Saint_Petrus_Canisius.jpg#Licensing,Autor no identificado — Wikimedia Commons — Public domain,painting,Representación histórica de San Pedro Canisio.,4228f8a7eb61eb7073694d124de0f5c35abcf2207abadc5b3a611a510f2031e4,214818,749,1200,PASS_SOURCE_REVERIFIED_AND_REMOTE_ANONYMOUS_200_WEBP
catalog-owner-2026-046,san-francisco-de-sales,San Francisco de Sales,/catalog/owner-2026/owner-2026-046.webp,"https://commons.wikimedia.org/wiki/File:Ch%C3%A2teau_de_Bussy-Rabutin_-_Saint_Fran%C3%A7ois_de_Sales,_%C3%A9v%C3%AAque_de_Gen%C3%A8ve_(bgw19_0375)_(cropped).jpg",1125183326,Pintor no identificado; fotografía de Benjamin Gavaudo,Public domain,"https://commons.wikimedia.org/wiki/File:Ch%C3%A2teau_de_Bussy-Rabutin_-_Saint_Fran%C3%A7ois_de_Sales,_%C3%A9v%C3%AAque_de_Gen%C3%A8ve_(bgw19_0375)_(cropped).jpg#Licensing",Pintor no identificado; fotografía de Benjamin Gavaudo — Wikimedia Commons — Public domain,painting,Representación histórica de San Francisco de Sales.,304b31c8db4addad50fdb84e3ca50235a2c3fa9723df48ad4237064e763b7b90,209342,955,1200,PASS_SOURCE_REVERIFIED_AND_REMOTE_ANONYMOUS_200_WEBP
catalog-owner-2026-047,san-alfonso-maria-de-ligorio,San Alfonso María de Ligorio,/catalog/owner-2026/owner-2026-047.webp,https://commons.wikimedia.org/wiki/File:Liguori.jpg,1269986040,Autor no identificado,CC BY-SA 3.0,https://creativecommons.org/licenses/by-sa/3.0/,Autor no identificado — Wikimedia Commons — CC BY-SA 3.0,painting,Representación histórica de San Alfonso María de Ligorio.,e204628ca04d851038047d14452d3aaa34dcc8ca4d10139bcbfeafc7b4aeb947,88132,816,1200,PASS_SOURCE_REVERIFIED_AND_REMOTE_ANONYMOUS_200_WEBP
catalog-owner-2026-048,san-juan-de-la-cruz,San Juan de la Cruz,/catalog/owner-2026/owner-2026-048.webp,https://commons.wikimedia.org/wiki/File:Zurbar%C3%A1n_(atribuido)-John_of_the_Cross-1656.jpg,1204586079,Autor no identificado; atribuido a Francisco de Zurbarán,Public domain,https://commons.wikimedia.org/wiki/File:Zurbar%C3%A1n_(atribuido)-John_of_the_Cross-1656.jpg#Licensing,Autor no identificado; atribuido a Francisco de Zurbarán — Wikimedia Commons — Public domain,painting,Representación histórica de San Juan de la Cruz.,431d12fa2be753dbefb169f51f7eb1d63eb666b320150fbc2cca73f38320025c,59748,942,1200,PASS_SOURCE_REVERIFIED_AND_REMOTE_ANONYMOUS_200_WEBP
catalog-owner-2026-049,san-antonio-de-padua,San Antonio de Padua,/catalog/owner-2026/owner-2026-049.webp,https://commons.wikimedia.org/wiki/File:Francisco_de_Zurbar%C3%A1n_-_Sto_Antonio_de_Padua.jpg,1259973348,Francisco de Zurbarán,Public domain,https://commons.wikimedia.org/wiki/File:Francisco_de_Zurbar%C3%A1n_-_Sto_Antonio_de_Padua.jpg#Licensing,Francisco de Zurbarán — Wikimedia Commons — Public domain,painting,"Representación devocional de san Antonio de Padua con el Niño Jesús, por Zurbarán.",35f52242c7ed6f60a25565a6aad464ff849195ac57d0dd8e5affcc9a5d933b2c,204590,780,1200,PASS_SOURCE_REVERIFIED_AND_REMOTE_ANONYMOUS_200_WEBP
catalog-owner-2026-050,san-beda-el-venerable,San Beda el Venerable,/catalog/owner-2026/owner-2026-050.webp,https://commons.wikimedia.org/wiki/File:E-codices_bke-0047_001v_medium_(cropped).jpg,1217617439,Iluminador no identificado,Public domain,https://commons.wikimedia.org/wiki/File:E-codices_bke-0047_001v_medium_(cropped).jpg#Licensing,Iluminador no identificado — Wikimedia Commons — Public domain,illustration,"Beda escribiendo, en una ilustración de manuscrito medieval.",3fbedaaa7f3dccf49c9f5ca4026d86eac2a4088299d75796ddecfb3aa0401e42,124576,840,1200,PASS_SOURCE_REVERIFIED_AND_REMOTE_ANONYMOUS_200_WEBP
catalog-owner-2026-051,san-esteban,San Esteban,/catalog/owner-2026/owner-2026-051.webp,https://commons.wikimedia.org/wiki/File:Saint_Stephen_(Carlo_Crivelli).jpg,1269268127,Carlo Crivelli,Public domain,https://commons.wikimedia.org/wiki/File:Saint_Stephen_(Carlo_Crivelli).jpg#Licensing,Carlo Crivelli — Wikimedia Commons — Public domain,painting,"San Esteban con atributos de su martirio, por Carlo Crivelli.",5e52775358814919fcda08788cdc499dc55421ee41b30dd1dc8a9d925ca2825f,246252,784,1200,PASS_SOURCE_REVERIFIED_AND_REMOTE_ANONYMOUS_200_WEBP
catalog-owner-2026-052,san-lorenzo,San Lorenzo,/catalog/owner-2026/owner-2026-052.webp,https://commons.wikimedia.org/wiki/File:Lawrence-before-Valerianus.jpg,1248128489,Fra Angelico,Public domain,https://commons.wikimedia.org/wiki/File:Lawrence-before-Valerianus.jpg#Licensing,Fra Angelico — Wikimedia Commons — Public domain,painting,"Lorenzo ante Valeriano, detalle de una pintura de Fra Angelico.",13a35b138db76a958189f388b0375c542ab7063572423f04a4e7a789e427f478,249740,855,1200,PASS_SOURCE_REVERIFIED_AND_REMOTE_ANONYMOUS_200_WEBP
catalog-owner-2026-053,san-sebastian,San Sebastián,/catalog/owner-2026/owner-2026-053.webp,https://commons.wikimedia.org/wiki/File:St._Sebastian_by_Sodoma.jpg,1173031149,Il Sodoma,Public domain,https://commons.wikimedia.org/wiki/File:St._Sebastian_by_Sodoma.jpg#Licensing,Il Sodoma — Wikimedia Commons — Public domain,painting,Representación histórica de San Sebastián.,23e89b182963563ed37c3e7ec853446d4b10767785f14ef57dddb7050f66a2bb,293404,877,1200,PASS_SOURCE_REVERIFIED_AND_REMOTE_ANONYMOUS_200_WEBP
catalog-owner-2026-054,san-jorge,San Jorge,/catalog/owner-2026/owner-2026-054.webp,https://commons.wikimedia.org/wiki/File:Raphael_-_Saint_George_and_the_Dragon_-_Google_Art_Project.jpg,1232536482,Rafael Sanzio,Public domain,https://commons.wikimedia.org/wiki/File:Raphael_-_Saint_George_and_the_Dragon_-_Google_Art_Project.jpg#Licensing,Rafael Sanzio — Wikimedia Commons — Public domain,painting,"San Jorge y el dragón: representación de la leyenda medieval, por Rafael.",39d5db4c6739b6fee71f2603c978514ab81709e94aafb1734c93ff49622b7477,300808,914,1200,PASS_SOURCE_REVERIFIED_AND_REMOTE_ANONYMOUS_200_WEBP
catalog-owner-2026-055,san-clemente-de-roma,San Clemente de Roma,/catalog/owner-2026/owner-2026-055.webp,https://commons.wikimedia.org/wiki/File:Clemens_Romanus.jpg,1210424893,Artista no identificado,Public domain,https://commons.wikimedia.org/wiki/File:Clemens_Romanus.jpg#Licensing,Artista no identificado — Wikimedia Commons — Public domain,mosaic,San Clemente de Roma en un mosaico de Santa Sofía de Kyiv.,10eaa137464f3f7e552c95c2736242637c46b31f371fedbdf1c6611b9798aa1d,291982,959,1200,PASS_SOURCE_REVERIFIED_AND_REMOTE_ANONYMOUS_200_WEBP
catalog-owner-2026-056,san-ignacio-de-antioquia,San Ignacio de Antioquía,/catalog/owner-2026/owner-2026-056.webp,"https://commons.wikimedia.org/wiki/File:Hosios_Loukas_(south_west_chapel,_south_side)_-_Ignatios.jpg",1272281202,Pintor bizantino no identificado,Public domain,"https://commons.wikimedia.org/wiki/File:Hosios_Loukas_(south_west_chapel,_south_side)_-_Ignatios.jpg#Licensing",Pintor bizantino no identificado — Wikimedia Commons — Public domain,painting,Ignacio de Antioquía en un fresco del monasterio de Hosios Loukas.,d05178aeff969f0aa734fd5554405950affd9433a7c9bbd1eb2a18f0d1d66116,229620,562,1200,PASS_SOURCE_REVERIFIED_AND_REMOTE_ANONYMOUS_200_WEBP
catalog-owner-2026-057,san-policarpo-de-esmirna,San Policarpo de Esmirna,/catalog/owner-2026/owner-2026-057.webp,https://commons.wikimedia.org/wiki/File:Polycarp_of_Smyrna2.jpg,1247899668,Pintor no identificado; fotografía de PravoslavnyChristianin,CC0,https://creativecommons.org/publicdomain/zero/1.0/deed.en,Pintor no identificado; fotografía de PravoslavnyChristianin — Wikimedia Commons — CC0,painting,Policarpo de Esmirna representado en un fresco ortodoxo.,91168c2fdba849c7394988ee245589f25bb6af93e6c225edbb629398a411f3a2,116258,746,1200,PASS_SOURCE_REVERIFIED_AND_REMOTE_ANONYMOUS_200_WEBP
catalog-owner-2026-058,san-justino-martir,San Justino Mártir,/catalog/owner-2026/owner-2026-058.webp,https://commons.wikimedia.org/wiki/File:Saint_Justin_Martyr_by_Theophanes_the_Cretan.jpg,1158311139,Teófanes el Cretense,Public domain,https://commons.wikimedia.org/wiki/File:Saint_Justin_Martyr_by_Theophanes_the_Cretan.jpg#Licensing,Teófanes el Cretense — Wikimedia Commons — Public domain,painting,Representación histórica de San Justino Mártir.,48e886a4a2bc3e24c7549f25e365f8c526ec79d91db61e5cdd260b3bf244961b,148250,954,1200,PASS_SOURCE_REVERIFIED_AND_REMOTE_ANONYMOUS_200_WEBP
catalog-owner-2026-059,san-cipriano-de-cartago,San Cipriano de Cartago,/catalog/owner-2026/owner-2026-059.webp,https://commons.wikimedia.org/wiki/File:Heiliger_Cyprianus.jpg,1123338580,Maestro de Meßkirch,Public domain,https://commons.wikimedia.org/wiki/File:Heiliger_Cyprianus.jpg#Licensing,Maestro de Meßkirch — Wikimedia Commons — Public domain,painting,"San Cipriano de Cartago representado como obispo, por el Maestro de Meßkirch.",fc6a87c3e24366ff85d53462fd4c9ace60b8e3d1e51483d75e0122b860fb4292,164566,550,1200,PASS_SOURCE_REVERIFIED_AND_REMOTE_ANONYMOUS_200_WEBP
catalog-owner-2026-060,san-lorenzo-de-brindis,San Lorenzo de Brindis,/catalog/owner-2026/owner-2026-060.webp,https://commons.wikimedia.org/wiki/File:Slorenzo4.jpg,1043875153,Grabador no identificado,Public domain,https://commons.wikimedia.org/wiki/File:Slorenzo4.jpg#Licensing,Grabador no identificado — Wikimedia Commons — Public domain,illustration,Grabado del siglo XVIII que representa a Lorenzo de Brindis escribiendo.,ac8e086286d3b6d4d3198331fa0a89ad8bedd010af3c353aa44f3db18c5e5431,188456,929,1200,PASS_SOURCE_REVERIFIED_AND_REMOTE_ANONYMOUS_200_WEBP
catalog-owner-2026-061,santa-ines,Santa Inés de Roma,/catalog/owner-2026/owner-2026-061.webp,https://commons.wikimedia.org/wiki/File:2872-saint-agnes-domenichino.jpg,1155839418,Domenichino,Public domain,https://creativecommons.org/publicdomain/mark/1.0/,Domenichino — 2872-saint-agnes-domenichino.jpg — Public domain. Versión redimensionada en WebP.,painting,Domenichino: representación de santa Inés de Roma.,069bbdc6bd4d60d52b9c2d08bd47eb78e911553c4f8887ad55af4d16b7386a24,141222,803,1102,PASS_SOURCE_REVERIFIED_AND_REMOTE_ANONYMOUS_200_WEBP
catalog-owner-2026-062,santa-cecilia,Santa Cecilia,/catalog/owner-2026/owner-2026-062.webp,https://commons.wikimedia.org/wiki/File:Guercino_-_St._Cecilia_-_Google_Art_Project.jpg,1223094351,Guercino,Public domain,https://creativecommons.org/publicdomain/mark/1.0/,Guercino — Guercino - St. Cecilia - Google Art Project.jpg — Public domain. Versión redimensionada en WebP.,painting,Guercino: santa Cecilia representada como patrona de la música.,cc898ee5d1dfd53c5f0150d129806f3cfdefe14a3a12ff6dddc8befd82e91572,305980,960,1164,PASS_SOURCE_REVERIFIED_AND_REMOTE_ANONYMOUS_200_WEBP
catalog-owner-2026-063,santa-catalina-de-alejandria,Santa Catalina de Alejandría,/catalog/owner-2026/owner-2026-063.webp,https://commons.wikimedia.org/wiki/File:Saint_Catherine_of_Alexandria_(Caravaggio).jpg,1118807780,Caravaggio,Public domain,https://creativecommons.org/publicdomain/mark/1.0/,Caravaggio — Saint Catherine of Alexandria (Caravaggio).jpg — Public domain. Versión redimensionada en WebP.,painting,Caravaggio: representación de santa Catalina de Alejandría con los atributos de su martirio.,ce90478837e382c43d5d67da7b980ab5a9e31353c178334292ad7bbd75c88c7c,101642,923,1200,PASS_SOURCE_REVERIFIED_AND_REMOTE_ANONYMOUS_200_WEBP
catalog-owner-2026-064,santa-barbara,Santa Bárbara,/catalog/owner-2026/owner-2026-064.webp,https://commons.wikimedia.org/wiki/File:Wilhelm_Kalteysen_-_Saint_Barbara_Altarpiece_-_Google_Art_Project.jpg,1136203770,Wilhelm Kalteysen,Public domain,https://creativecommons.org/publicdomain/mark/1.0/,Wilhelm Kalteysen — Wilhelm Kalteysen - Saint Barbara Altarpiece - Google Art Project.jpg — Public domain. Versión redimensionada en WebP.,painting,Wilhelm Kalteysen: retablo dedicado a santa Bárbara.,2b8625778805e20b510dc012388cc418566dbf18f66428dc0bd00f9e9174999c,210058,960,733,PASS_SOURCE_REVERIFIED_AND_REMOTE_ANONYMOUS_200_WEBP
catalog-owner-2026-065,santa-lucia-de-siracusa,Santa Lucía de Siracusa,/catalog/owner-2026/owner-2026-065.webp,https://commons.wikimedia.org/wiki/File:Niccol%C3%B2_di_Segna_-_Saint_Lucy_-_Walters_37756.jpg,849329729,Niccolò di Segna,Public domain,https://creativecommons.org/publicdomain/mark/1.0/,Niccolò di Segna — Niccolò di Segna - Saint Lucy - Walters 37756.jpg — Public domain. Versión redimensionada en WebP.,painting,Niccolò di Segna: santa Lucía con lámpara y daga; Walters Art Museum.,1e647cb44b35697d04a1a1ca23949fb760523cee6d25c1dd674e4db692a6c96e,202052,760,1200,PASS_SOURCE_REVERIFIED_AND_REMOTE_ANONYMOUS_200_WEBP
catalog-owner-2026-066,santa-agueda-de-catania,Santa Águeda de Catania,/catalog/owner-2026/owner-2026-066.webp,"https://commons.wikimedia.org/wiki/File:Sant%27agata,_VII-inizio_VIII_secolo_ca.,_forse_da_s.m._antiqua_(roma,_coll._priv.).jpg",1184529531,Autor antiguo desconocido; fotografía de Sailko,CC BY 3.0,https://creativecommons.org/licenses/by/3.0,"Autor antiguo desconocido; fotografía de Sailko — Sant'agata, VII-inizio VIII secolo ca., forse da s.m. antiqua (roma, coll. priv.).jpg — CC BY 3.0. Versión redimensionada en WebP.",painting,"Representación antigua de santa Águeda, fotografiada por Sailko; procedencia vinculada a Santa Maria Antiqua.",78aab7526c4a091a5443276cc3a92544184367090cf3a84578fbf300a3ff10d5,349162,960,963,PASS_SOURCE_REVERIFIED_AND_REMOTE_ANONYMOUS_200_WEBP
catalog-owner-2026-067,santa-filomena,Santa Filomena,/catalog/owner-2026/owner-2026-067.webp,https://commons.wikimedia.org/wiki/File:Sainte-philomene-amaury-duval.jpg,1277441203,Amaury-Duval (pintura); Marc Baronnet (fotografía),CC BY-SA 3.0,https://creativecommons.org/licenses/by-sa/3.0,Amaury-Duval (pintura); Marc Baronnet (fotografía) — Sainte-philomene-amaury-duval.jpg — CC BY-SA 3.0. Versión redimensionada en WebP.,painting,Amaury-Duval: pintura de santa Filomena hacia 1844; fotografía de Marc Baronnet.,80e2891939d790f569b41062b8e361e075b4848cee6db41e1a47bd4bbce60f2d,99978,960,718,PASS_SOURCE_REVERIFIED_AND_REMOTE_ANONYMOUS_200_WEBP
catalog-owner-2026-068,santa-apolonia,Santa Apolonia,/catalog/owner-2026/owner-2026-068.webp,https://commons.wikimedia.org/wiki/File:Francisco_de_Zurbar%C3%A1n_035.jpg,1229488118,Francisco de Zurbarán,Public domain,https://creativecommons.org/publicdomain/mark/1.0/,Francisco de Zurbarán — Francisco de Zurbarán 035.jpg — Public domain. Versión redimensionada en WebP.,painting,"Francisco de Zurbarán: santa Apolonia representada joven, con su atributo dental.",7c26259ffd826b6de99e85cebe5db1eb4449bce298659063c23397c17a82b2f6,103386,490,834,PASS_SOURCE_REVERIFIED_AND_REMOTE_ANONYMOUS_200_WEBP
catalog-owner-2026-069,san-blas-de-sebaste,San Blas de Sebaste,/catalog/owner-2026/owner-2026-069.webp,https://commons.wikimedia.org/wiki/File:Saint_Blaise_Louvre_OAR504.jpg,1182926776,Artista medieval desconocido,Public domain,https://creativecommons.org/publicdomain/mark/1.0/,Artista medieval desconocido — Saint Blaise Louvre OAR 504.jpg — Public domain. Versión redimensionada en WebP.,illustration,Vidriera medieval: san Blas ante el gobernador romano; colección del Louvre.,a0493653d7bf75cf9493993d081d4c077ead8d0af462fe4a4c4d17f4416c4aca,208996,960,1120,PASS_SOURCE_REVERIFIED_AND_REMOTE_ANONYMOUS_200_WEBP
catalog-owner-2026-070,san-pancracio,San Pancracio de Roma,/catalog/owner-2026/owner-2026-070.webp,https://commons.wikimedia.org/wiki/File:Barcelona_Cathedral_Interior_-_Statue_of_Saint_Pancrace_of_Rome.jpg,951862607,Escultor del retablo no identificado; fotografía de Didier Descouens,CC BY-SA 4.0,https://creativecommons.org/licenses/by-sa/4.0,Escultor del retablo no identificado; fotografía de Didier Descouens — Barcelona Cathedral Interior - Statue of Saint Pancrace of Rome.jpg — CC BY-SA 4.0. Versión redimensionada en WebP.,sculpture,"Estatua de san Pancracio de Roma en la catedral de Barcelona, fotografiada por Didier Descouens.",8c20c11983e7c96b144f7a0c2952a6966dfec57a3bd8132cae3cb8355a71e2ef,233096,924,1200,PASS_SOURCE_REVERIFIED_AND_REMOTE_ANONYMOUS_200_WEBP
catalog-owner-2026-071,san-cristobal,San Cristóbal,/catalog/owner-2026/owner-2026-071.webp,https://commons.wikimedia.org/wiki/File:Jheronimus_Bosch_-_Saint_Christopher_-_Google_Art_ProjectFXD_(Cropped).jpg,1220160642,Hieronymus Bosch,Public domain,https://creativecommons.org/publicdomain/mark/1.0/,Hieronymus Bosch — Jheronimus Bosch - Saint Christopher - Google Art ProjectFXD (Cropped).jpg — Public domain. Versión redimensionada en WebP.,painting,El Bosco: san Cristóbal transporta al Niño Jesús a través del agua.,3ae3f9d55f0748b7932a625ac7fa2d69a2e994e95e1dac646c89bdbdf3530342,283602,756,1200,PASS_SOURCE_REVERIFIED_AND_REMOTE_ANONYMOUS_200_WEBP
catalog-owner-2026-072,san-cosme,San Cosme,/catalog/owner-2026/owner-2026-072.webp,https://commons.wikimedia.org/wiki/File:Saint_C%C3%B4me_%26_Saint_Damien_Grandes_Heures_Anne_de_Bretagne_XVIe_(cropped).jpg,1223558711,Jean Bourdichon,Public domain,https://creativecommons.org/publicdomain/mark/1.0/,Jean Bourdichon — Saint Côme & Saint Damien Grandes Heures Anne de Bretagne XVIe (cropped).jpg — Public domain. Versión redimensionada en WebP.,illustration,Jean Bourdichon: miniatura conjunta de los santos médicos Cosme y Damián; la ficha corresponde a Cosme.,3f5965bb4346b566061cb404616be76bdd9420f8b1cb048ee122e7693aff32d3,220432,752,1200,PASS_SOURCE_REVERIFIED_AND_REMOTE_ANONYMOUS_200_WEBP
catalog-owner-2026-073,san-damian,San Damián,/catalog/owner-2026/owner-2026-073.webp,https://commons.wikimedia.org/wiki/File:Saint_C%C3%B4me_%26_Saint_Damien_Grandes_Heures_Anne_de_Bretagne_XVIe_(cropped).jpg,1223558711,Jean Bourdichon,Public domain,https://creativecommons.org/publicdomain/mark/1.0/,Jean Bourdichon — Saint Côme & Saint Damien Grandes Heures Anne de Bretagne XVIe (cropped).jpg — Public domain. Versión redimensionada en WebP.,illustration,Jean Bourdichon: miniatura conjunta de los santos médicos Cosme y Damián; la ficha corresponde a Damián.,3f5965bb4346b566061cb404616be76bdd9420f8b1cb048ee122e7693aff32d3,220432,752,1200,PASS_SOURCE_REVERIFIED_AND_REMOTE_ANONYMOUS_200_WEBP
catalog-owner-2026-074,san-genaro,San Genaro,/catalog/owner-2026/owner-2026-074.webp,https://commons.wikimedia.org/wiki/File:Saint_Januarius.jpg,1123271227,Louis Finson,Public domain,https://creativecommons.org/publicdomain/mark/1.0/,Louis Finson — Saint Januarius.jpg — Public domain. Versión redimensionada en WebP.,painting,Louis Finson: representación pictórica de san Genaro como obispo.,28fab171dd2f1367fcfeba839370648de0105dfaf96e5ebb941bb591fd880414,73802,851,1200,PASS_SOURCE_REVERIFIED_AND_REMOTE_ANONYMOUS_200_WEBP
catalog-owner-2026-075,san-fabian,San Fabián,/catalog/owner-2026/owner-2026-075.webp,https://commons.wikimedia.org/wiki/File:Saints_Fabian_and_Sebastian_-_Giovanni_di_Paolo.png,1193326596,Giovanni di Paolo,Public domain,https://creativecommons.org/publicdomain/mark/1.0/,Giovanni di Paolo — Saints Fabian and Sebastian - Giovanni di Paolo.png — Public domain. Versión redimensionada en WebP.,painting,Giovanni di Paolo: los santos Fabián y Sebastián; la ficha corresponde al papa Fabián.,17f58b573d2f786b62bfaa98c6e8e3e8009b2546cf0c81dadc5a6a67c80b4696,163136,778,1200,PASS_SOURCE_REVERIFIED_AND_REMOTE_ANONYMOUS_200_WEBP
catalog-owner-2026-076,san-sebastian-de-aparicio,Beato Sebastián de Aparicio,/catalog/owner-2026/owner-2026-076.webp,https://commons.wikimedia.org/wiki/File:Gudi%C3%B1a10.jpg,1118574789,Escultor no identificado; fotografía de Dantadd,CC BY-SA 2.5,https://creativecommons.org/licenses/by-sa/2.5,Escultor no identificado; fotografía de Dantadd — Gudiña 10.jpg — CC BY-SA 2.5. Versión redimensionada en WebP.,sculpture,"Estatua del beato Sebastián de Aparicio en A Gudiña, fotografiada por Dantadd.",36f273d87de74c7ab86d9183f571c7ccdff5d9389b84d0b56580f0c907a137b8,212972,960,1047,PASS_SOURCE_REVERIFIED_AND_REMOTE_ANONYMOUS_200_WEBP
catalog-owner-2026-077,san-hipolito-de-roma,San Hipólito de Roma,/catalog/owner-2026/owner-2026-077.webp,https://commons.wikimedia.org/wiki/File:Statue_of_Saint_.Hippolytus_(cropped).jpg,1062369148,Escultura antigua restaurada; fotografía de Dobroš / Dana Stehlíková,CC BY-SA 4.0,https://creativecommons.org/licenses/by-sa/4.0,Escultura antigua restaurada; fotografía de Dobroš / Dana Stehlíková — Statue of Saint .Hippolytus (cropped).jpg — CC BY-SA 4.0. Versión redimensionada en WebP.,sculpture,"Estatua restaurada tradicionalmente asociada con san Hipólito, conservada en la Biblioteca Apostólica Vaticana.",8ae1d5b6da0470e9c31878a72526e216f9ac283e066690454f427c962a4ba9ad,61372,530,1200,PASS_SOURCE_REVERIFIED_AND_REMOTE_ANONYMOUS_200_WEBP
catalog-owner-2026-078,san-cornelio,San Cornelio,/catalog/owner-2026/owner-2026-078.webp,https://commons.wikimedia.org/wiki/File:Pope_Cornelius_%E2%80%93_Santa_Maria_in_Trastevere.jpg,1258731526,Mosaicista medieval no identificado; fotografía de Hugo DK,CC BY-SA 4.0,https://creativecommons.org/licenses/by-sa/4.0,Mosaicista medieval no identificado; fotografía de Hugo DK — Pope Cornelius – Santa Maria in Trastevere.jpg — CC BY-SA 4.0. Versión redimensionada en WebP.,mosaic,"Mosaico del papa san Cornelio en Santa Maria in Trastevere, fotografiado por Hugo DK.",62db93bc8da867043a6a27b34e5caab7c67ce6baf3a403be06eaa38718c97e52,162590,702,1200,PASS_SOURCE_REVERIFIED_AND_REMOTE_ANONYMOUS_200_WEBP
catalog-owner-2026-079,san-calixto-i,San Calixto I,/catalog/owner-2026/owner-2026-079.webp,https://commons.wikimedia.org/wiki/File:Fresco_of_Pope_Callixtus_I_-_Basilica_of_Saint_Paul_Outside_the_Walls_(Before_1823).jpg,1261456422,Autor del fresco desconocido; fotografía de Arnaldo Vescovo,Public domain,https://creativecommons.org/publicdomain/mark/1.0/,Autor del fresco desconocido; fotografía de Arnaldo Vescovo — Fresco of Pope Callixtus I - Basilica of Saint Paul Outside the Walls (Before 1823).jpg — Public domain. Versión redimensionada en WebP.,painting,Representación histórica del papa san Calixto I en la basílica de San Pablo Extramuros.,a2b9046d0fc7914f89e43a465e1030c11e2bd4685b845d738dd263e4a6228447,157086,960,951,PASS_SOURCE_REVERIFIED_AND_REMOTE_ANONYMOUS_200_WEBP
catalog-expansion-2026-081,santa-perpetua,Santa Perpetua,/catalog/owner-2026/closure-20260918-santa-perpetua.webp,"https://commons.wikimedia.org/wiki/File:Perpetua,_Felicitas,_Revocatus,_Saturninus_and_Secundulus_(Menologion_of_Basil_II).jpg",1265761561,Taller de iluminadores del Menologio de Basilio II,Public domain,https://creativecommons.org/publicdomain/mark/1.0/,"Taller de iluminadores del Menologio de Basilio II; Perpetua, Felicitas, Revocatus, Saturninus and Secundulus (Menologion of Basil II).jpg; Wikimedia Commons; Public domain. Adaptación técnica: redimensionado y conversión a WebP, sin recorte; se conserva la licencia indicada.",illustration,"Perpetua, Felicidad y sus compañeros, en una miniatura del Menologio de Basilio II.",49299567ca30152848442eace9c605060b3fb65c19f997d01e0ba99d213b5456,246664,960,626,PASS_SOURCE_REVERIFIED_AND_REMOTE_ANONYMOUS_200_WEBP
catalog-expansion-2026-082,santa-felicidad,Santa Felicidad,/catalog/owner-2026/closure-20260918-santa-felicidad.webp,"https://commons.wikimedia.org/wiki/File:Perpetua,_Felicitas,_Revocatus,_Saturninus_and_Secundulus_(Menologion_of_Basil_II).jpg",1265761561,Taller de iluminadores del Menologio de Basilio II,Public domain,https://creativecommons.org/publicdomain/mark/1.0/,"Taller de iluminadores del Menologio de Basilio II; Perpetua, Felicitas, Revocatus, Saturninus and Secundulus (Menologion of Basil II).jpg; Wikimedia Commons; Public domain. Adaptación técnica: redimensionado y conversión a WebP, sin recorte; se conserva la licencia indicada.",illustration,"Felicidad, Perpetua y sus compañeros, en una miniatura del Menologio de Basilio II.",49299567ca30152848442eace9c605060b3fb65c19f997d01e0ba99d213b5456,246664,960,626,PASS_SOURCE_REVERIFIED_AND_REMOTE_ANONYMOUS_200_WEBP
catalog-expansion-2026-083,san-alban,San Alban,/catalog/owner-2026/closure-20260918-san-alban.webp,https://commons.wikimedia.org/wiki/File:Saint_Alban_(cropped).jpg,1268585539,Autor del vitral no identificado; fotografía de DaveWebster14,Public domain,https://creativecommons.org/publicdomain/mark/1.0/,"Autor del vitral no identificado; fotografía de DaveWebster14; Saint Alban (cropped).jpg; Wikimedia Commons; Public domain. Adaptación técnica: redimensionado y conversión a WebP, sin recorte; se conserva la licencia indicada.",photograph,"Representación de san Albán en un vitral de St Mary, Sledmere.",1785d70ec7385cfcb321e2fd6d7c0c07b7d5c43d5b40b5fd31629a75318477c5,113544,937,1200,PASS_SOURCE_REVERIFIED_AND_REMOTE_ANONYMOUS_200_WEBP
catalog-expansion-2026-084,san-tarsicio,San Tarsicio,/catalog/owner-2026/closure-20260918-san-tarsicio.webp,https://commons.wikimedia.org/wiki/File:Statue-Orsay-03.jpg,1120908673,Alexandre Falguière; fotografía de Rama,CC BY-SA 2.0 fr,https://creativecommons.org/licenses/by-sa/2.0/fr/deed.en,"Alexandre Falguière; fotografía de Rama; Statue-Orsay-03.jpg; Wikimedia Commons; CC BY-SA 2.0 fr. Adaptación técnica: redimensionado y conversión a WebP, sin recorte; se conserva la licencia indicada.",sculpture,"Tarsicio, mártir cristiano, escultura de Alexandre Falguière conservada en el Museo de Orsay.",85abf79030cc565e497062381c247b488ae67229aa56c5809e489db9d06824dc,35450,960,630,PASS_SOURCE_REVERIFIED_AND_REMOTE_ANONYMOUS_200_WEBP
catalog-expansion-2026-085,santos-inocentes,Santos Inocentes,/catalog/owner-2026/closure-20260918-santos-inocentes.webp,https://commons.wikimedia.org/wiki/File:0_La_Vierge_%C3%A0_l%27Enfant_entour%C3%A9e_des_saints_Innocents_-_Louvre_-_(2).JPG,1164080433,Peter Paul Rubens,Public domain,https://creativecommons.org/publicdomain/mark/1.0/,"Peter Paul Rubens; 0 La Vierge à l'Enfant entourée des saints Innocents - Louvre - (2).JPG; Wikimedia Commons; Public domain. Adaptación técnica: redimensionado y conversión a WebP, sin recorte; se conserva la licencia indicada.",painting,"La Virgen y el Niño rodeados por los Santos Inocentes, pintura de Rubens y taller.",37749a124e490dd27367326b3797abfb65cfdb5d345507149d35806235dc9035,211722,856,1200,PASS_SOURCE_REVERIFIED_AND_REMOTE_ANONYMOUS_200_WEBP
catalog-expansion-2026-086,san-antonio-abad,San Antonio Abad,/catalog/owner-2026/closure-20260918-san-antonio-abad.webp,https://commons.wikimedia.org/wiki/File:Saint_Anthony_(Damaskinos).png,1127130807,Michael Damaskinos,Public domain,https://creativecommons.org/publicdomain/mark/1.0/,"Michael Damaskinos; Saint Anthony (Damaskinos).png; Wikimedia Commons; Public domain. Adaptación técnica: redimensionado y conversión a WebP, sin recorte; se conserva la licencia indicada.",painting,"San Antonio Abad, pintura de Michael Damaskinos.",0b3de172413c1f0a3eb44fe925e4dc4e1612961ef7937e0443fe99eee2bb08e1,134774,935,1200,PASS_SOURCE_REVERIFIED_AND_REMOTE_ANONYMOUS_200_WEBP
catalog-expansion-2026-087,san-benito-de-nursia,San Benito de Nursia,/catalog/owner-2026/closure-20260918-san-benito-de-nursia.webp,"https://commons.wikimedia.org/wiki/File:Memling,_Trittico_di_Benedetto_Portinari,_San_Benedetto.jpg",1039014269,Hans Memling,Public domain,https://creativecommons.org/publicdomain/mark/1.0/,"Hans Memling; Memling, Trittico di Benedetto Portinari, San Benedetto.jpg; Wikimedia Commons; Public domain. Adaptación técnica: redimensionado y conversión a WebP, sin recorte; se conserva la licencia indicada.",painting,"San Benito, tabla del tríptico Portinari de Hans Memling.",cdd14d497603d73c498289fab050108c6ade89d58714d1e0d453f8e30ee23584,149856,859,1200,PASS_SOURCE_REVERIFIED_AND_REMOTE_ANONYMOUS_200_WEBP
catalog-expansion-2026-088,santa-escolastica,Santa Escolástica,/catalog/owner-2026/closure-20260918-santa-escolastica.webp,https://commons.wikimedia.org/wiki/File:Kleinmariazell_-_Altar_Scholastica_2.jpg,1140320998,Johann Baptist Wenzel Bergl; fotografía de Wolfgang Sauber,CC BY-SA 3.0,https://creativecommons.org/licenses/by-sa/3.0,"Johann Baptist Wenzel Bergl; fotografía de Wolfgang Sauber; Kleinmariazell - Altar Scholastica 2.jpg; Wikimedia Commons; CC BY-SA 3.0. Adaptación técnica: redimensionado y conversión a WebP, sin recorte; se conserva la licencia indicada.",painting,"Santa Escolástica en un altar de Kleinmariazell, obra de Johann Baptist Wenzel Bergl.",44c169c467575358e7ff82ab894a12f4b525b09aed4ff2aa7428aa1c5620b8c6,267500,802,1200,PASS_SOURCE_REVERIFIED_AND_REMOTE_ANONYMOUS_200_WEBP
catalog-expansion-2026-089,san-pacomio,San Pacomio,/catalog/owner-2026/closure-20260918-san-pacomio.webp,https://commons.wikimedia.org/wiki/File:Bloemaert_-_1619_-_Sylva_anachoretica_Aegypti_et_Palaestinae_-_UB_Radboud_Uni_Nijmegen_-_512890366_08_S_Pachomius.jpeg,1089756814,"Abraham Bloemaert, dibujo; Boëtius à Bolswert, grabado",Public domain,https://creativecommons.org/publicdomain/mark/1.0/,"Abraham Bloemaert, dibujo; Boëtius à Bolswert, grabado; Bloemaert - 1619 - Sylva anachoretica Aegypti et Palaestinae - UB Radboud Uni Nijmegen - 512890366 08 S Pachomius.jpeg; Wikimedia Commons; Public domain. Adaptación técnica: redimensionado y conversión a WebP, sin recorte; se conserva la licencia indicada.",illustration,"San Pacomio, grabado de la serie Sylva anachoretica de 1619.",eafe1e8032fc98b69300531541c011f45c5bcd96d4dc0c8d08979e383832a0ba,199974,771,1200,PASS_SOURCE_REVERIFIED_AND_REMOTE_ANONYMOUS_200_WEBP
catalog-expansion-2026-090,san-bruno,San Bruno,/catalog/owner-2026/closure-20260918-san-bruno.webp,https://commons.wikimedia.org/wiki/File:Nicolas_Mignard-Saint_Bruno.jpg,638678952,Nicolas Mignard,Public domain,https://creativecommons.org/publicdomain/mark/1.0/,"Nicolas Mignard; Nicolas Mignard-Saint Bruno.jpg; Wikimedia Commons; Public domain. Adaptación técnica: redimensionado y conversión a WebP, sin recorte; se conserva la licencia indicada.",painting,"San Bruno, pintura de Nicolas Mignard.",ac00540bb3f47a3e75bc8c83ae2c19b4bc9c230f2dc00ecae0377fdf42709a9d,82318,785,1200,PASS_SOURCE_REVERIFIED_AND_REMOTE_ANONYMOUS_200_WEBP
catalog-expansion-2026-091,san-romualdo,San Romualdo,/catalog/owner-2026/closure-20260918-san-romualdo.webp,https://commons.wikimedia.org/wiki/File:Fra_Angelico_032.jpg,1203082834,Fra Angelico,Public domain,https://creativecommons.org/publicdomain/mark/1.0/,"Fra Angelico; Fra Angelico 032.jpg; Wikimedia Commons; Public domain. Adaptación técnica: redimensionado y conversión a WebP, sin recorte; se conserva la licencia indicada.",painting,"San Romualdo, detalle de un fresco de Fra Angelico.",f3092bcb4baaceb96db6426ec1d414de0bbb4cc4b42ec1214f0431d1eb438015,315594,960,1176,PASS_SOURCE_REVERIFIED_AND_REMOTE_ANONYMOUS_200_WEBP
catalog-expansion-2026-092,san-juan-gualberto,San Juan Gualberto,/catalog/owner-2026/closure-20260918-san-juan-gualberto.webp,"https://commons.wikimedia.org/wiki/File:Santa_Trinita,_Neri_di_bicci,_San_giovanni_gualberto_(dettaglio)2.jpg",1087026539,Neri di Bicci; fotografía de Sailko,CC BY 2.5,https://creativecommons.org/licenses/by/2.5,"Neri di Bicci; fotografía de Sailko; Santa Trinita, Neri di bicci, San giovanni gualberto (dettaglio)2.jpg; Wikimedia Commons; CC BY 2.5. Adaptación técnica: redimensionado y conversión a WebP, sin recorte; se conserva la licencia indicada.",painting,"San Juan Gualberto, detalle de una pintura de Neri di Bicci en Santa Trinita.",ad69801ed09d0a3135f7a82083c8dff2146bc3e2a397ab4c81b00bff75f8cb79,130686,960,829,PASS_SOURCE_REVERIFIED_AND_REMOTE_ANONYMOUS_200_WEBP
catalog-expansion-2026-093,san-roberto-de-molesme,San Roberto de Molesme,/catalog/owner-2026/closure-20260918-san-roberto-de-molesme.webp,https://commons.wikimedia.org/wiki/File:Robert_de_Molesme_statue_XVIe_point_peint_08345.JPG,1004747339,Escultor no identificado; fotografía de G. Garitan,CC BY-SA 4.0,https://creativecommons.org/licenses/by-sa/4.0,"Escultor no identificado; fotografía de G. Garitan; Robert de Molesme statue XVIe point peint 08345.JPG; Wikimedia Commons; CC BY-SA 4.0. Adaptación técnica: redimensionado y conversión a WebP, sin recorte; se conserva la licencia indicada.",sculpture,"San Roberto de Molesme, escultura de madera conservada en Troyes.",915c534339743cb07046bfb51c04798b6155602312e766cc5d2f71caeb96e8ea,118984,797,1200,PASS_SOURCE_REVERIFIED_AND_REMOTE_ANONYMOUS_200_WEBP
catalog-expansion-2026-094,san-esteban-harding,San Esteban Harding,/catalog/owner-2026/closure-20260918-san-esteban-harding.webp,"https://commons.wikimedia.org/wiki/File:Sv._Stevan_Harding,_Stevanovska_cirkev.JPG",1230870897,Pintor no identificado; fotografía de Doncsecz,CC BY-SA 3.0,https://creativecommons.org/licenses/by-sa/3.0,"Pintor no identificado; fotografía de Doncsecz; Sv. Stevan Harding, Stevanovska cirkev.JPG; Wikimedia Commons; CC BY-SA 3.0. Adaptación técnica: redimensionado y conversión a WebP, sin recorte; se conserva la licencia indicada.",painting,"San Esteban Harding, pintura de altar en Apátistvánfalva.",7e28eed316bbe72fe3b4b40de24f2e9e9c8819ff110b323e1093a6f9405d829a,167162,900,1200,PASS_SOURCE_REVERIFIED_AND_REMOTE_ANONYMOUS_200_WEBP
catalog-expansion-2026-095,san-hugo-de-cluny,San Hugo de Cluny,/catalog/owner-2026/closure-20260918-san-hugo-de-cluny.webp,https://commons.wikimedia.org/wiki/File:Hugo-v-cluny_heinrich-iv_mathilde-v-tuszien_cod-vat-lat-4922_1115ad.jpg,1072510345,Miniaturista medieval no identificado,Public domain,https://creativecommons.org/publicdomain/mark/1.0/,"Miniaturista medieval no identificado; Hugo-v-cluny heinrich-iv mathilde-v-tuszien cod-vat-lat-4922 1115ad.jpg; Wikimedia Commons; Public domain. Adaptación técnica: redimensionado y conversión a WebP, sin recorte; se conserva la licencia indicada.",illustration,"Hugo de Cluny junto a Enrique IV y Matilde de Toscana, miniatura medieval.",19489d9d5839264c96b44d63b86a711707a57a4aa29adecbbb3f7117d61afbf0,203310,960,1156,PASS_SOURCE_REVERIFIED_AND_REMOTE_ANONYMOUS_200_WEBP
catalog-expansion-2026-096,san-odo-de-cluny,San Odo de Cluny,/catalog/owner-2026/closure-20260918-san-odo-de-cluny.webp,https://commons.wikimedia.org/wiki/File:Figurchorgest%C3%BChlbuxheim19.JPG,1070155659,Escultor no identificado; fotografía de Memmingen,CC BY-SA 3.0,https://creativecommons.org/licenses/by-sa/3.0/,"Escultor no identificado; fotografía de Memmingen; Figurchorgestühlbuxheim19.JPG; Wikimedia Commons; CC BY-SA 3.0. Adaptación técnica: redimensionado y conversión a WebP, sin recorte; se conserva la licencia indicada.",sculpture,San Odón de Cluny en una talla de la sillería de Buxheim.,36af6beccf0501138898a3d75822b0326022f49d9a64559efaf75abd7a79726a,437576,900,1200,PASS_SOURCE_REVERIFIED_AND_REMOTE_ANONYMOUS_200_WEBP
catalog-expansion-2026-097,san-martin-de-tours,San Martín de Tours,/catalog/owner-2026/closure-20260918-san-martin-de-tours.webp,https://commons.wikimedia.org/wiki/File:Simone_Martini_040.jpg,1190047620,Simone Martini,Public domain,https://creativecommons.org/publicdomain/mark/1.0/,"Simone Martini; Simone Martini 040.jpg; Wikimedia Commons; Public domain. Adaptación técnica: redimensionado y conversión a WebP, sin recorte; se conserva la licencia indicada.",painting,"San Martín en meditación, detalle de los frescos de Simone Martini en Asís.",2404d706967768d9037883ee58074cd69cb1725b9813939b14eddb3b446e0c5b,355758,960,1176,PASS_SOURCE_REVERIFIED_AND_REMOTE_ANONYMOUS_200_WEBP
catalog-expansion-2026-098,san-patricio-de-irlanda,San Patricio de Irlanda,/catalog/owner-2026/closure-20260918-san-patricio-de-irlanda.webp,https://commons.wikimedia.org/wiki/File:Our_Lady%27s_Island_Church_of_the_Assumption_East_Aisle_Window_Saint_Patrick_2010_09_26.jpg,1168468035,Autor del vitral no identificado; fotografía de Andreas F. Borchert,CC BY-SA 4.0,https://creativecommons.org/licenses/by-sa/4.0,"Autor del vitral no identificado; fotografía de Andreas F. Borchert; Our Lady's Island Church of the Assumption East Aisle Window Saint Patrick 2010 09 26.jpg; Wikimedia Commons; CC BY-SA 4.0. Adaptación técnica: redimensionado y conversión a WebP, sin recorte; se conserva la licencia indicada.",photograph,San Patricio en un vitral de la iglesia de la Asunción de Our Lady’s Island.,3b882024db8b70383f0867dae619c2295ffefa9485826733dacc7e95d36d95bf,198904,557,1200,PASS_SOURCE_REVERIFIED_AND_REMOTE_ANONYMOUS_200_WEBP
catalog-expansion-2026-099,san-columbano,San Columbano,/catalog/owner-2026/closure-20260918-san-columbano.webp,https://commons.wikimedia.org/wiki/File:Nr._6_Der_Heilige_Columbanus.jpg,1187923352,"Gottfried Eichler, dibujo; grabador no identificado",Public domain,https://creativecommons.org/publicdomain/mark/1.0/,"Gottfried Eichler, dibujo; grabador no identificado; Nr. 6 Der Heilige Columbanus.jpg; Wikimedia Commons; Public domain. Adaptación técnica: redimensionado y conversión a WebP, sin recorte; se conserva la licencia indicada.",illustration,"San Columbano, grabado a partir de un dibujo de Gottfried Eichler, hacia 1765.",2dd218d3b8193995ac4a2e034cd4b986929f60614cacc6802c86e9da8baf6999,45268,960,386,PASS_SOURCE_REVERIFIED_AND_REMOTE_ANONYMOUS_200_WEBP
catalog-expansion-2026-100,san-bonifacio,San Bonifacio,/catalog/owner-2026/closure-20260918-san-bonifacio.webp,https://commons.wikimedia.org/wiki/File:Saint_Boniface_by_Cornelis_Bloemaert.jpg,1126979310,Cornelis Bloemaert,Public domain,https://creativecommons.org/publicdomain/mark/1.0/,"Cornelis Bloemaert; Saint Boniface by Cornelis Bloemaert.jpg; Wikimedia Commons; Public domain. Adaptación técnica: redimensionado y conversión a WebP, sin recorte; se conserva la licencia indicada.",illustration,"San Bonifacio, grabado de Cornelis Bloemaert.",9d09446fd6aceadf05e03cd164ce993240cbd0a2069d5b75be511ac45a31c521,294936,800,1200,PASS_SOURCE_REVERIFIED_AND_REMOTE_ANONYMOUS_200_WEBP
catalog-expansion-2026-101,san-agustin-de-canterbury,San Agustín de Canterbury,/catalog/owner-2026/closure-20260918-san-agustin-de-canterbury.webp,https://commons.wikimedia.org/wiki/File:Saint_Augustine_of_Canterbury._Line_engraving_by_A._Lommelin_Wellcome_V0031641.jpg,1225727139,"A. Lommelin, grabador; Wellcome Collection",CC BY 4.0,https://creativecommons.org/licenses/by/4.0,"A. Lommelin, grabador; Wellcome Collection — Saint Augustine of Canterbury. Line engraving by A. Lommelin Wellcome V0031641.jpg — CC BY 4.0. Versión redimensionada en WebP. Adaptación técnica: redimensionado y conversión a WebP, sin recorte; se conserva la licencia indicada.",illustration,A. Lommelin: grabado que representa a san Agustín de Canterbury; Wellcome Collection.,c40c6d28a8bd27de2bb423c525c7a01e89f4f632164a41a29583db4277c9ec51,502816,758,1200,PASS_SOURCE_REVERIFIED_AND_REMOTE_ANONYMOUS_200_WEBP
catalog-expansion-2026-102,san-leandro-de-sevilla,San Leandro de Sevilla,/catalog/owner-2026/closure-20260918-san-leandro-de-sevilla.webp,https://commons.wikimedia.org/wiki/File:San_Leandro.jpg,1171394121,Bartolomé Esteban Murillo,Public domain,https://creativecommons.org/publicdomain/mark/1.0/,"Bartolomé Esteban Murillo — San Leandro.jpg — Public domain. Versión redimensionada en WebP. Adaptación técnica: redimensionado y conversión a WebP, sin recorte; se conserva la licencia indicada.",painting,Bartolomé Esteban Murillo: san Leandro de Sevilla con vestiduras episcopales.,41e53f8cc72d236c4170083803411d3bcc45eabd87b04ddd9afb8182066b4f5c,60238,663,800,PASS_SOURCE_REVERIFIED_AND_REMOTE_ANONYMOUS_200_WEBP
catalog-expansion-2026-103,san-gil-abad,San Gil Abad,/catalog/owner-2026/closure-20260918-san-gil-abad.webp,https://commons.wikimedia.org/wiki/File:Master_Of_Saint_Gilles_-_The_Mass_of_St_Gilles_-_WGA14485.jpg,1038759043,Master of Saint Giles,Public domain,https://creativecommons.org/publicdomain/mark/1.0/,"Master of Saint Giles — Master Of Saint Gilles - The Mass of St Gilles - WGA14485.jpg — Public domain. Versión redimensionada en WebP. Adaptación técnica: redimensionado y conversión a WebP, sin recorte; se conserva la licencia indicada.",painting,"Maestro de Saint-Gilles: representación de la misa de san Gil, escena de tradición hagiográfica conservada en la National Gallery.",af29d49d0fdc4f2e8fb44a1ec4cdb98c3ee804963e6564d3d5b5b3c9bb1c2af2,238806,744,1010,PASS_SOURCE_REVERIFIED_AND_REMOTE_ANONYMOUS_200_WEBP
catalog-expansion-2026-104,san-simeon-el-estilita,San Simeón el Estilita,/catalog/owner-2026/closure-20260918-san-simeon-el-estilita.webp,"https://commons.wikimedia.org/wiki/File:Plaque_de_Saint-Simeon_(Louvre,_Bj_2180)_(cropped).jpg",1213694724,Orfebre bizantino desconocido; fotografía de Tangopaso,Public domain,https://creativecommons.org/publicdomain/mark/1.0/,"Orfebre bizantino desconocido; fotografía de Tangopaso — Plaque de Saint-Simeon (Louvre, Bj 2180) (cropped).jpg — Public domain. Versión redimensionada en WebP. Adaptación técnica: redimensionado y conversión a WebP, sin recorte; se conserva la licencia indicada.",sculpture,Placa votiva de plata dorada que representa a Simeón Estilita sobre su columna; colección del Louvre.,efa99b8952f7be28407d202f0ba60e9c4a2a756016a84c6f90cb1ebb8f37ef0f,240514,806,1200,PASS_SOURCE_REVERIFIED_AND_REMOTE_ANONYMOUS_200_WEBP
catalog-expansion-2026-105,san-pablo-el-ermitano,San Pablo el Ermitaño,/catalog/owner-2026/closure-20260918-san-pablo-el-ermitano.webp,"https://commons.wikimedia.org/wiki/File:San_Pablo_Ermita%C3%B1o,_por_Jos%C3%A9_de_Ribera.jpg",1176395237,Jusepe de Ribera,Public domain,https://creativecommons.org/publicdomain/mark/1.0/,"Jusepe de Ribera — San Pablo Ermitaño, por José de Ribera.jpg — Public domain. Versión redimensionada en WebP. Adaptación técnica: redimensionado y conversión a WebP, sin recorte; se conserva la licencia indicada.",painting,José de Ribera: san Pablo el Ermitaño meditando ante una calavera.,6dab2e3877dcd8b07b9e16320d1e23446531f97e72f12ff3b61d1dbddabc17d1,106108,960,939,PASS_SOURCE_REVERIFIED_AND_REMOTE_ANONYMOUS_200_WEBP
catalog-expansion-2026-106,san-francisco-de-asis,San Francisco de Asís,/catalog/owner-2026/closure-20260918-san-francisco-de-asis.webp,https://commons.wikimedia.org/wiki/File:Philip_Fruytiers_-_St._Francis_of_Assisi.jpg,1133354082,Philip Fruytiers,Public domain,https://creativecommons.org/publicdomain/mark/1.0/,"Philip Fruytiers — Philip Fruytiers - St. Francis of Assisi.jpg — Public domain. Versión redimensionada en WebP. Adaptación técnica: redimensionado y conversión a WebP, sin recorte; se conserva la licencia indicada.",painting,Philip Fruytiers: representación de san Francisco de Asís en oración.,f756a03ee73d31b34cf6ae1fc69b6176fb3e42507d3d122026ce1b1dc070ee8d,170186,787,1200,PASS_SOURCE_REVERIFIED_AND_REMOTE_ANONYMOUS_200_WEBP
catalog-expansion-2026-107,santo-domingo-de-guzman,Santo Domingo de Guzmán,/catalog/owner-2026/closure-20260918-santo-domingo-de-guzman.webp,https://commons.wikimedia.org/wiki/File:SaintDominic.jpg,1239946975,Claudio Coello,Public domain,https://creativecommons.org/publicdomain/mark/1.0/,"Claudio Coello — SaintDominic.jpg — Public domain. Versión redimensionada en WebP. Adaptación técnica: redimensionado y conversión a WebP, sin recorte; se conserva la licencia indicada.",painting,Claudio Coello: santo Domingo de Guzmán con hábito dominicano.,d3ca232ba10b8d07d2886499dff434cbafb76e5b0ad5025ea950c2af7c49081c,185066,793,1200,PASS_SOURCE_REVERIFIED_AND_REMOTE_ANONYMOUS_200_WEBP
catalog-expansion-2026-108,san-ignacio-de-loyola,San Ignacio de Loyola,/catalog/owner-2026/closure-20260918-san-ignacio-de-loyola.webp,https://commons.wikimedia.org/wiki/File:St._Ignatius_of_Loyola_by_Peter_Paul_Rubens.jpg,1266877105,Peter Paul Rubens,Public domain,https://creativecommons.org/publicdomain/mark/1.0/,"Peter Paul Rubens — St. Ignatius of Loyola by Peter Paul Rubens.jpg — Public domain. Versión redimensionada en WebP. Adaptación técnica: redimensionado y conversión a WebP, sin recorte; se conserva la licencia indicada.",painting,Peter Paul Rubens: san Ignacio de Loyola; pintura conservada en el Norton Simon Museum.,73dd1440554aebb6cdf29b7dbf7fd41e640184670059c89c112372c94ae175a1,152666,772,1200,PASS_SOURCE_REVERIFIED_AND_REMOTE_ANONYMOUS_200_WEBP
catalog-expansion-2026-109,santa-teresa-de-avila,Santa Teresa de Ávila,/catalog/owner-2026/closure-20260918-santa-teresa-de-avila.webp,https://commons.wikimedia.org/wiki/File:Santa_Teresa_de_Jes%C3%BAs_(Museo_del_Prado).jpg,1166176327,Eduardo Balaca,Public domain,https://creativecommons.org/publicdomain/mark/1.0/,"Eduardo Balaca — Santa Teresa de Jesús (Museo del Prado).jpg — Public domain. Versión redimensionada en WebP. Adaptación técnica: redimensionado y conversión a WebP, sin recorte; se conserva la licencia indicada.",painting,"Eduardo Balaca: retrato idealizado de santa Teresa de Jesús, conservado en el Museo del Prado.",fd53daa4c55ed066bf874cbdfccf42693eda7c745379d24d1a44ab4d42be98a4,237296,896,1200,PASS_SOURCE_REVERIFIED_AND_REMOTE_ANONYMOUS_200_WEBP
catalog-expansion-2026-110,san-felipe-neri,San Felipe Neri,/catalog/owner-2026/closure-20260918-san-felipe-neri.webp,https://commons.wikimedia.org/wiki/File:Philip_Neri_in_Ecstasy_by_Guido_Reni_-_Chiesa_Nuova_-_Rome_2015.jpg,1221342863,"Guido Reni, pintura; José Luiz, fotografía",CC BY-SA 4.0,https://creativecommons.org/licenses/by-sa/4.0,"Guido Reni, pintura; José Luiz, fotografía — Philip Neri in Ecstasy by Guido Reni - Chiesa Nuova - Rome 2015.jpg — CC BY-SA 4.0. Versión redimensionada en WebP. Adaptación técnica: redimensionado y conversión a WebP, sin recorte; se conserva la licencia indicada.",painting,"Guido Reni: san Felipe Neri en éxtasis, en la Chiesa Nuova de Roma; fotografía de José Luiz.",2daf6f15d40fd0c6fd09202ac52778b7a7b495a5e14377a89fc88ce0e4299648,202050,800,1200,PASS_SOURCE_REVERIFIED_AND_REMOTE_ANONYMOUS_200_WEBP
catalog-expansion-2026-111,san-vicente-de-paul,San Vicente de Paúl,/catalog/owner-2026/closure-20260918-san-vicente-de-paul.webp,https://commons.wikimedia.org/wiki/File:Simon_Fran%C3%A7ois_de_Tours_-_Portrait_Vincent_de_Paul_(4x5_cropped).jpeg,1202806038,Simon François de Tours (1606-1671),Public domain,https://creativecommons.org/publicdomain/mark/1.0/,"Simon François de Tours (1606-1671) — Simon François de Tours - Portrait Vincent de Paul (4x5 cropped).jpeg — Public domain. Versión redimensionada en WebP. Adaptación técnica: redimensionado y conversión a WebP, sin recorte; se conserva la licencia indicada.",painting,Simon François de Tours: retrato de san Vicente de Paúl.,fc039420af37a9e37aca4eb7291e3059d17f2c2aeff7dd3ae966effdb200f59d,134436,960,1189,PASS_SOURCE_REVERIFIED_AND_REMOTE_ANONYMOUS_200_WEBP
catalog-expansion-2026-112,san-juan-bosco,San Juan Bosco,/catalog/owner-2026/closure-20260918-san-juan-bosco.webp,"https://commons.wikimedia.org/wiki/File:Don_Bosco_@_Torino,_1880_(original).jpg",1258846813,Fotografía atribuida a Carlo Felice Deasti,Public domain,https://creativecommons.org/publicdomain/mark/1.0/,"Fotografía atribuida a Carlo Felice Deasti — Don Bosco @ Torino, 1880 (original).jpg — Public domain. Versión redimensionada en WebP. Adaptación técnica: redimensionado y conversión a WebP, sin recorte; se conserva la licencia indicada.",photograph,"Fotografía histórica de Juan Bosco en Turín en 1880, atribuida a Carlo Felice Deasti.",6560ef3dc78662e4017485bc691a6fc031e32050a8e9b0c12ecfcc38d28c860a,50956,712,953,PASS_SOURCE_REVERIFIED_AND_REMOTE_ANONYMOUS_200_WEBP
catalog-expansion-2026-113,san-juan-bautista-de-la-salle,San Juan Bautista de La Salle,/catalog/owner-2026/closure-20260918-san-juan-bautista-de-la-salle.webp,https://commons.wikimedia.org/wiki/File:Jean-Baptiste_de_La_Salle_par_Charles_M%C3%BCller.jpg,1208533972,"Léon-Louis Chapon, grabado según Charles Müller; digitalización de Ruisselet51",CC BY-SA 4.0,https://creativecommons.org/licenses/by-sa/4.0,"Léon-Louis Chapon, grabado según Charles Müller; digitalización de Ruisselet51 — Jean-Baptiste de La Salle par Charles Müller.jpg — CC BY-SA 4.0. Versión redimensionada en WebP. Adaptación técnica: redimensionado y conversión a WebP, sin recorte; se conserva la licencia indicada.",illustration,"Léon-Louis Chapon, según Charles Müller: retrato grabado de Juan Bautista de La Salle publicado en 1888.",115860ad12541f893bfa9f5e5d20acdf649c64143576cd38207776ca41e8d45e,355714,721,1200,PASS_SOURCE_REVERIFIED_AND_REMOTE_ANONYMOUS_200_WEBP
catalog-expansion-2026-114,san-camilo-de-lelis,San Camilo de Lelis,/catalog/owner-2026/closure-20260918-san-camilo-de-lelis.webp,"https://commons.wikimedia.org/wiki/File:Pierre_subleyras,_san_camillo_de_lellis_mete_in_salvo_gli_ammalati_dell%27ospedale_di_s._spirito_durante_l%27inondazione_del_tevere_del_1598,_1746,_01,0.jpg",1044875933,"Pierre Subleyras, pintura; Francesco Bini (Sailko), fotografía",CC BY-SA 4.0,https://creativecommons.org/licenses/by-sa/4.0,"Pierre Subleyras, pintura; Francesco Bini (Sailko), fotografía — Pierre subleyras, san camillo de lellis mete in salvo gli ammalati dell'ospedale di s. spirito durante l'inondazione del tevere del 1598, 1746, 01,0.jpg — CC BY-SA 4.0. Versión redimensionada en WebP. Adaptación técnica: redimensionado y conversión a WebP, sin recorte; se conserva la licencia indicada.",painting,Pierre Subleyras: Camilo de Lelis socorre a los enfermos durante una inundación del Tíber; fotografía de Sailko.,a7aa3174b9bf5bd2570498e720b9592eb6dcaa0c5d692c64259a0f30d6e2aa38,110224,960,717,PASS_SOURCE_REVERIFIED_AND_REMOTE_ANONYMOUS_200_WEBP
catalog-expansion-2026-115,san-juan-de-dios,San Juan de Dios,/catalog/owner-2026/closure-20260918-san-juan-de-dios.webp,https://commons.wikimedia.org/wiki/File:John_of_god_murillo.jpg,1245676732,Bartolomé Esteban Murillo,Public domain,https://creativecommons.org/publicdomain/mark/1.0/,"Bartolomé Esteban Murillo — John of god murillo.jpg — Public domain. Versión redimensionada en WebP. Adaptación técnica: redimensionado y conversión a WebP, sin recorte; se conserva la licencia indicada.",painting,Bartolomé Esteban Murillo: san Juan de Dios recibe ayuda de un ángel mientras carga a un enfermo; escena hagiográfica.,e3feb52eecbc04ee9318042e3d7134fc7890f554703b0caa63ec58e673114d3e,31266,834,1024,PASS_SOURCE_REVERIFIED_AND_REMOTE_ANONYMOUS_200_WEBP
catalog-expansion-2026-116,san-francisco-de-paula,San Francisco de Paula,/catalog/owner-2026/closure-20260918-san-francisco-de-paula.webp,https://commons.wikimedia.org/wiki/File:Francis_of_Paola_by_Giovanni_Domenico_Tiepolo.jpg,899400762,"Giovanni Domenico Tiepolo, pintura; Ji-Elle, fotografía",CC BY-SA 3.0,https://creativecommons.org/licenses/by-sa/3.0,"Giovanni Domenico Tiepolo, pintura; Ji-Elle, fotografía — Francis of Paola by Giovanni Domenico Tiepolo.jpg — CC BY-SA 3.0. Versión redimensionada en WebP. Adaptación técnica: redimensionado y conversión a WebP, sin recorte; se conserva la licencia indicada.",painting,Detalle de una pintura de Giovanni Domenico Tiepolo con san Francisco de Paula; fotografía de Ji-Elle.,05e7a3a99db701be8257b09f7a2b1b1195060c7697cdb2bd712bc2a2e4212148,112830,845,1200,PASS_SOURCE_REVERIFIED_AND_REMOTE_ANONYMOUS_200_WEBP
catalog-expansion-2026-117,santa-clara-de-asis,Santa Clara de Asís,/catalog/owner-2026/closure-20260918-santa-clara-de-asis.webp,https://commons.wikimedia.org/wiki/File:SDamiano-Clara.jpg,1276358827,Pintor medieval desconocido; fotografía de Gunnar Bach Pedersen,Public domain,https://creativecommons.org/publicdomain/mark/1.0/,"Pintor medieval desconocido; fotografía de Gunnar Bach Pedersen — SDamiano-Clara.jpg — Public domain. Versión redimensionada en WebP. Adaptación técnica: redimensionado y conversión a WebP, sin recorte; se conserva la licencia indicada.",painting,"Representación de santa Clara en San Damián, Asís; fotografía de Gunnar Bach Pedersen.",17b48d7a053fd812fa86ccaa382887e79927de51a0e13c9a16fde5b110ed71ab,308164,960,838,PASS_SOURCE_REVERIFIED_AND_REMOTE_ANONYMOUS_200_WEBP
catalog-expansion-2026-118,santa-juana-francisca-de-chantal,Santa Juana Francisca de Chantal,/catalog/owner-2026/closure-20260918-santa-juana-francisca-de-chantal.webp,https://commons.wikimedia.org/wiki/File:Sainte_Jeanne-Fran%C3%A7oise_Fr%C3%A9myot_de_Chantal.jpg,1260933338,Autor antiguo desconocido; obra anterior a 1850 según Commons,Public domain,https://creativecommons.org/publicdomain/mark/1.0/,"Autor antiguo desconocido; obra anterior a 1850 según Commons — Sainte Jeanne-Françoise Frémyot de Chantal.jpg — Public domain. Versión redimensionada en WebP. Adaptación técnica: redimensionado y conversión a WebP, sin recorte; se conserva la licencia indicada.",painting,Retrato antiguo de santa Juana Francisca de Chantal con el hábito de la Visitación.,2a469b63a929a54a14e280efc42b32681874d06c81cb4a3a1903fd113789a4e1,53050,735,1135,PASS_SOURCE_REVERIFIED_AND_REMOTE_ANONYMOUS_200_WEBP
catalog-expansion-2026-119,san-pedro-nolasco,San Pedro Nolasco,/catalog/owner-2026/closure-20260918-san-pedro-nolasco.webp,https://commons.wikimedia.org/wiki/File:San_Pedro_Nolasco_asistido_por_dos_%C3%81ngeles_(Francisco_de_Zurbar%C3%A1n).jpg,1100006988,"Francisco de Zurbarán, pintura; Jl FilpoC, fotografía",CC BY-SA 4.0,https://creativecommons.org/licenses/by-sa/4.0,"Francisco de Zurbarán, pintura; Jl FilpoC, fotografía — San Pedro Nolasco asistido por dos Ángeles (Francisco de Zurbarán).jpg — CC BY-SA 4.0. Versión redimensionada en WebP. Adaptación técnica: redimensionado y conversión a WebP, sin recorte; se conserva la licencia indicada.",painting,Francisco de Zurbarán: Pedro Nolasco asistido por dos ángeles para acudir al coro; fotografía de Jl FilpoC.,fd3b91206362e515ab2ca03aaf89520fc91631b5920a25ed49f53535a0dd8f0f,358626,778,1200,PASS_SOURCE_REVERIFIED_AND_REMOTE_ANONYMOUS_200_WEBP
catalog-expansion-2026-120,san-raimundo-de-penafort,San Raimundo de Peñafort,/catalog/owner-2026/closure-20260918-san-raimundo-de-penafort.webp,https://commons.wikimedia.org/wiki/File:Dolabella_St._Raymond_of_Penyafort.jpg,1208014716,Tommaso Dolabella,Public domain,https://creativecommons.org/publicdomain/mark/1.0/,"Tommaso Dolabella — Dolabella St. Raymond of Penyafort.jpg — Public domain. Versión redimensionada en WebP. Adaptación técnica: redimensionado y conversión a WebP, sin recorte; se conserva la licencia indicada.",painting,Tommaso Dolabella: representación de san Raimundo de Peñafort.,e7978e6da441da4f02d490be08faaa7c9beb86274571e3a7fb21d3a959e71454,64636,800,547,PASS_SOURCE_REVERIFIED_AND_REMOTE_ANONYMOUS_200_WEBP
catalog-expansion-2026-121,san-cayetano-de-thiene,San Cayetano de Thiene,/catalog/owner-2026/closure-20260918-san-cayetano-de-thiene.webp,"https://commons.wikimedia.org/wiki/File:Giambattista_Piazzetta,_San_Gaetano_da_Thiene,_Pinacoteca_dell%27Accademia_dei_Concordi,_Rovigo.jpg",1272882542,Giambattista Piazzetta; fotografía de Threecharlie,CC BY-SA 4.0,https://creativecommons.org/licenses/by-sa/4.0,"Giambattista Piazzetta; fotografía de Threecharlie — Giambattista Piazzetta, San Gaetano da Thiene, Pinacoteca dell'Accademia dei Concordi, Rovigo.jpg — CC BY-SA 4.0. Redimensionado y convertido a WebP para el catálogo. Adaptación técnica: redimensionado y conversión a WebP, sin recorte; se conserva la licencia indicada.",painting,"Pintura de san Cayetano de Thiene de Giambattista Piazzetta, conservada en Rovigo.",2a9a066d3b4c6250c7e282d7b347200768f20157806c90ffdeb79c616b0e045b,77756,900,1200,PASS_SOURCE_REVERIFIED_AND_REMOTE_ANONYMOUS_200_WEBP
catalog-expansion-2026-122,san-antonio-maria-claret,San Antonio María Claret,/catalog/owner-2026/closure-20260918-san-antonio-maria-claret.webp,"https://commons.wikimedia.org/wiki/File:Antonio_Mar%C3%ADa_Claret,_c.1860.jpg",1055857757,Fotógrafo no identificado; reproducción aportada por Cesc2003,Public domain,https://creativecommons.org/publicdomain/mark/1.0/,"Fotógrafo no identificado; reproducción aportada por Cesc2003 — Antonio María Claret, c.1860.jpg — Public domain. Redimensionado y convertido a WebP para el catálogo. Adaptación técnica: redimensionado y conversión a WebP, sin recorte; se conserva la licencia indicada.",photograph,"Retrato fotográfico histórico de Antonio María Claret, hacia 1860.",7908ddbf861cf023f9c0b070bd0c420774cbc5697d774bff895b5269bce79a5f,409646,813,1200,PASS_SOURCE_REVERIFIED_AND_REMOTE_ANONYMOUS_200_WEBP
catalog-expansion-2026-123,san-jose-de-calasanz,San José de Calasanz,/catalog/owner-2026/closure-20260918-san-jose-de-calasanz.webp,https://commons.wikimedia.org/wiki/File:San_Jos%C3%A9_de_Calasanz_(Museo_del_Prado).jpg,1088747464,Francisco Jover y Casanova,Public domain,https://creativecommons.org/publicdomain/mark/1.0/,"Francisco Jover y Casanova — San José de Calasanz (Museo del Prado).jpg — Public domain. Redimensionado y convertido a WebP para el catálogo. Adaptación técnica: redimensionado y conversión a WebP, sin recorte; se conserva la licencia indicada.",painting,"Retrato de José de Calasanz pintado por Francisco Jover y Casanova, del Museo del Prado.",c4634400329b735b946db342cbbecb5d207ced40c4ccf50c0d916bbd93849e44,94644,892,1200,PASS_SOURCE_REVERIFIED_AND_REMOTE_ANONYMOUS_200_WEBP
catalog-expansion-2026-124,santa-luisa-de-marillac,Santa Luisa de Marillac,/catalog/owner-2026/closure-20260918-santa-luisa-de-marillac.webp,https://commons.wikimedia.org/wiki/File:Louise_de_Marillac_Le_Gras._Line_engraving_by_Sisco._Wellcome_L0006155.jpg,1131859024,Louis Hercule Sisco (1778-1861),CC BY 4.0,https://creativecommons.org/licenses/by/4.0,"Louis Hercule Sisco (1778-1861) — Louise de Marillac Le Gras. Line engraving by Sisco. Wellcome L0006155.jpg — CC BY 4.0. Redimensionado y convertido a WebP para el catálogo. Adaptación técnica: redimensionado y conversión a WebP, sin recorte; se conserva la licencia indicada.",illustration,"Grabado de Luisa de Marillac realizado por Louis Hercule Sisco, colección Wellcome.",f891db38f4e83c6d468e4e392a0b3ba04da587cea72990848d876c31debd740b,406288,808,1200,PASS_SOURCE_REVERIFIED_AND_REMOTE_ANONYMOUS_200_WEBP
catalog-expansion-2026-125,san-pablo-de-la-cruz,San Pablo de la Cruz,/catalog/owner-2026/closure-20260918-san-pablo-de-la-cruz.webp,https://commons.wikimedia.org/wiki/File:Paul_de_la_croix.jpg,1091519189,"Plet philippe, según la ficha de Commons",Public domain,https://creativecommons.org/publicdomain/mark/1.0/,"Plet philippe, según la ficha de Commons — Paul de la croix.jpg — Public domain. Redimensionado y convertido a WebP para el catálogo. Adaptación técnica: redimensionado y conversión a WebP, sin recorte; se conserva la licencia indicada.",painting,Retrato devocional de Pablo de la Cruz con hábito pasionista.,c78df07691a07a9a2118c1829b420504ba25752010203256a1584168bac646f4,28096,500,667,PASS_SOURCE_REVERIFIED_AND_REMOTE_ANONYMOUS_200_WEBP
catalog-expansion-2026-126,san-carlos-borromeo,San Carlos Borromeo,/catalog/owner-2026/closure-20260918-san-carlos-borromeo.webp,https://commons.wikimedia.org/wiki/File:Carlo_Borromeo.jpg,1114395970,Giovanni Ambrogio Figino,Public domain,https://creativecommons.org/publicdomain/mark/1.0/,"Giovanni Ambrogio Figino — Carlo Borromeo.jpg — Public domain. Redimensionado y convertido a WebP para el catálogo. Adaptación técnica: redimensionado y conversión a WebP, sin recorte; se conserva la licencia indicada.",painting,Retrato de Carlos Borromeo atribuido en Commons a Giovanni Ambrogio Figino.,5d971596d17ca7ab4be4b28325f13d0cb76257e2b2cbb978af6715ee587b57a4,344038,960,1107,PASS_SOURCE_REVERIFIED_AND_REMOTE_ANONYMOUS_200_WEBP
catalog-expansion-2026-127,san-francisco-javier,San Francisco Javier,/catalog/owner-2026/closure-20260918-san-francisco-javier.webp,https://commons.wikimedia.org/wiki/File:Franciscus_de_Xabier.jpg,1259978294,Autor no identificado en la ficha de Commons,Public domain,https://creativecommons.org/publicdomain/mark/1.0/,"Autor no identificado en la ficha de Commons — Franciscus de Xabier.jpg — Public domain. Redimensionado y convertido a WebP para el catálogo. Adaptación técnica: redimensionado y conversión a WebP, sin recorte; se conserva la licencia indicada.",painting,Representación histórica de Francisco Javier con vestidura sacerdotal.,31af214e7aa666533812dde4459387a42f26b464a088b8b4f4c4b8b3c6f3589b,217232,941,1200,PASS_SOURCE_REVERIFIED_AND_REMOTE_ANONYMOUS_200_WEBP
catalog-expansion-2026-128,san-pedro-claver,San Pedro Claver,/catalog/owner-2026/closure-20260918-san-pedro-claver.webp,https://commons.wikimedia.org/wiki/File:Saint_Peter_Claver._Engraving_by_J._Vitta_after_P._Gagliardi_Wellcome_V0032875.jpg,1132800028,"J. Vitta, a partir de P. Gagliardi; reproducción de Wellcome Collection",CC BY 4.0,https://creativecommons.org/licenses/by/4.0,"J. Vitta, a partir de P. Gagliardi; reproducción de Wellcome Collection — Saint Peter Claver. Engraving by J. Vitta after P. Gagliardi Wellcome V0032875.jpg — CC BY 4.0. Redimensionado y convertido a WebP para el catálogo. Adaptación técnica: redimensionado y conversión a WebP, sin recorte; se conserva la licencia indicada.",illustration,Grabado de Pedro Claver realizado por J. Vitta a partir de P. Gagliardi.,53c6c4ee06eee03c82b3683ea66be5cb1a24c698ce59946f052381119ddc4af0,479648,890,1200,PASS_SOURCE_REVERIFIED_AND_REMOTE_ANONYMOUS_200_WEBP
catalog-expansion-2026-129,san-luis-gonzaga,San Luis Gonzaga,/catalog/owner-2026/closure-20260918-san-luis-gonzaga.webp,https://commons.wikimedia.org/wiki/File:The_Vocation_of_Saint_Aloysius_Gonzaga.PNG,1041975216,Guercino,Public domain,https://creativecommons.org/publicdomain/mark/1.0/,"Guercino — The Vocation of Saint Aloysius Gonzaga.PNG — Public domain. Redimensionado y convertido a WebP para el catálogo. Adaptación técnica: redimensionado y conversión a WebP, sin recorte; se conserva la licencia indicada.",painting,Guercino: La vocación de san Luis Gonzaga.,9d81baedb25952c8edab4b5b03f638376acb2b62f7ec2b6ff72331844362dd4b,159190,909,1200,PASS_SOURCE_REVERIFIED_AND_REMOTE_ANONYMOUS_200_WEBP
catalog-expansion-2026-130,san-estanislao-kostka,San Estanislao Kostka,/catalog/owner-2026/closure-20260918-san-estanislao-kostka.webp,https://commons.wikimedia.org/wiki/File:Stanislaus_Kostka_Legros_n1.jpg,1055674947,Pierre Le Gros el Joven; fotografía publicada en Commons,Public domain,https://creativecommons.org/publicdomain/mark/1.0/,"Pierre Le Gros el Joven; fotografía publicada en Commons — Stanislaus Kostka Legros n1.jpg — Public domain. Redimensionado y convertido a WebP para el catálogo. Adaptación técnica: redimensionado y conversión a WebP, sin recorte; se conserva la licencia indicada.",sculpture,"Escultura de Estanislao Kostka en su lecho de muerte, obra de Pierre Le Gros el Joven.",067a2186c4de2e7864c331cf49b275a4d7780a3c57d34f159381d04081a4dc53,97320,960,638,PASS_SOURCE_REVERIFIED_AND_REMOTE_ANONYMOUS_200_WEBP
catalog-expansion-2026-131,san-juan-berchmans,San Juan Berchmans,/catalog/owner-2026/closure-20260918-san-juan-berchmans.webp,"https://commons.wikimedia.org/wiki/File:Saint_Joseph_Church_(Macon,_GA)_-_stained_glass,_Ss._Aloysius_%26_John_Berchmans_-_detail,_St._John_Berchmans.jpg",1264334795,Mayer & Co.; fotografía de Nheyob,CC0,https://creativecommons.org/publicdomain/zero/1.0/deed.en,"Mayer & Co.; fotografía de Nheyob — Saint Joseph Church (Macon, GA) - stained glass, Ss. Aloysius & John Berchmans - detail, St. John Berchmans.jpg — CC0. Redimensionado y convertido a WebP para el catálogo. Adaptación técnica: redimensionado y conversión a WebP, sin recorte; se conserva la licencia indicada.",photograph,Detalle de una vidriera de Juan Berchmans en la iglesia de San José de Macon.,ca3a8315b6a6400b1c047a32a14d5bf34d8d8fe6866758e065cc8d25fd004e2f,272608,857,1200,PASS_SOURCE_REVERIFIED_AND_REMOTE_ANONYMOUS_200_WEBP
catalog-expansion-2026-132,santa-angela-merici,Santa Ángela Merici,/catalog/owner-2026/closure-20260918-santa-angela-merici.webp,https://commons.wikimedia.org/wiki/File:Saint_Angela_Merici.jpg,844820148,Pietro Calzavacca (1855-1890),Public domain,https://creativecommons.org/publicdomain/mark/1.0/,"Pietro Calzavacca (1855-1890) — Saint Angela Merici.jpg — Public domain. Redimensionado y convertido a WebP para el catálogo. Adaptación técnica: redimensionado y conversión a WebP, sin recorte; se conserva la licencia indicada.",painting,Pietro Calzavacca: representación de Ángela Merici como maestra.,e9f2bb8958fb1bfbea8af9fc37fe2dd0ef5719fea19356ac3e1a5e2b55e8c1df,37992,372,485,PASS_SOURCE_REVERIFIED_AND_REMOTE_ANONYMOUS_200_WEBP
catalog-expansion-2026-133,santa-teresa-de-jesus-jornet,Santa Teresa de Jesús Jornet,/catalog/owner-2026/closure-20260918-santa-teresa-de-jesus-jornet.webp,https://commons.wikimedia.org/wiki/File:TereJornet.jpg,911490658,Escultor no identificado en la ficha; fotografía de Bocachete,Public domain,https://creativecommons.org/publicdomain/mark/1.0/,"Escultor no identificado en la ficha; fotografía de Bocachete — TereJornet.jpg — Public domain. Redimensionado y convertido a WebP para el catálogo. Adaptación técnica: redimensionado y conversión a WebP, sin recorte; se conserva la licencia indicada.",sculpture,"Monumento a Teresa Jornet en Valencia, fotografiado por Bocachete.",6de884858461ca1ea834eaa64352c9899803355ab3676e5934413ae78e434547,132266,916,1200,PASS_SOURCE_REVERIFIED_AND_REMOTE_ANONYMOUS_200_WEBP
catalog-expansion-2026-134,san-josemaria-escriva,San Josemaría Escrivá,/catalog/owner-2026/closure-20260918-san-josemaria-escriva.webp,https://commons.wikimedia.org/wiki/File:Josemaria_Escriva.jpg,1143901141,Oficina de Información de la Prelatura del Opus Dei en España,CC BY-SA 2.0,https://creativecommons.org/licenses/by-sa/2.0,"Oficina de Información de la Prelatura del Opus Dei en España — Josemaria Escriva.jpg — CC BY-SA 2.0. Redimensionado y convertido a WebP para el catálogo. Adaptación técnica: redimensionado y conversión a WebP, sin recorte; se conserva la licencia indicada.",photograph,Fotografía de Josemaría Escrivá de Balaguer difundida por la oficina de información del Opus Dei.,d83b235cb54b35264581a3908df5e7d088dcc03f0cf9709059a76b1d9b510cb9,155338,958,1200,PASS_SOURCE_REVERIFIED_AND_REMOTE_ANONYMOUS_200_WEBP
catalog-expansion-2026-135,san-pio-de-pietrelcina,San Pío de Pietrelcina,/catalog/owner-2026/closure-20260918-san-pio-de-pietrelcina.webp,https://commons.wikimedia.org/wiki/File:Padre_Pio_portraitFXD.jpg,1204261976,Reproducción atribuida a Elia Stelluto; colorización no identificada; ajuste de MisterNox,Public domain,https://creativecommons.org/publicdomain/mark/1.0/,"Reproducción atribuida a Elia Stelluto; colorización no identificada; ajuste de MisterNox — Padre Pio portraitFXD.jpg — Public domain. Redimensionado y convertido a WebP para el catálogo. Adaptación técnica: redimensionado y conversión a WebP, sin recorte; se conserva la licencia indicada.",photograph,"Retrato fotográfico de Pío de Pietrelcina, en una reproducción coloreada posteriormente.",be6742eabd4e421b888a018db447f86325b4d547703866546acc24098e22e9ab,111318,960,1195,PASS_SOURCE_REVERIFIED_AND_REMOTE_ANONYMOUS_200_WEBP
catalog-expansion-2026-136,san-luis-ix-de-francia,San Luis IX de Francia,/catalog/owner-2026/closure-20260918-san-luis-ix-de-francia.webp,https://commons.wikimedia.org/wiki/File:Saintlouis_(cropped).jpg,860124098,Autor medieval no identificado,Public domain,https://creativecommons.org/publicdomain/mark/1.0/,"Autor medieval no identificado — Saintlouis (cropped).jpg — Public domain. Redimensionado y convertido a WebP para el catálogo. Adaptación técnica: redimensionado y conversión a WebP, sin recorte; se conserva la licencia indicada.",illustration,Representación medieval del rey Luis IX de Francia.,f2b08ae4efa634f9a5efd460c2a100d3fa65de353032b17eaa3d66344ba43362,214034,826,1200,PASS_SOURCE_REVERIFIED_AND_REMOTE_ANONYMOUS_200_WEBP
catalog-expansion-2026-137,san-fernando-iii-de-castilla,San Fernando III de Castilla,/catalog/owner-2026/closure-20260918-san-fernando-iii-de-castilla.webp,https://commons.wikimedia.org/wiki/File:Fernando_III_de_Castilla_02.jpg,1230970352,Autor medieval no identificado,Public domain,https://creativecommons.org/publicdomain/mark/1.0/,"Autor medieval no identificado — Fernando III de Castilla 02.jpg — Public domain. Redimensionado y convertido a WebP para el catálogo. Adaptación técnica: redimensionado y conversión a WebP, sin recorte; se conserva la licencia indicada.",illustration,Representación de Fernando III de Castilla en el Tumbo A de la catedral de Santiago.,0f5e8f2430cf01403a7161d40b30429c5f9c912f5f1f15f395f61a1dc74a9b66,51020,320,460,PASS_SOURCE_REVERIFIED_AND_REMOTE_ANONYMOUS_200_WEBP
catalog-expansion-2026-138,santa-isabel-de-hungria,Santa Isabel de Hungría,/catalog/owner-2026/closure-20260918-santa-isabel-de-hungria.webp,https://commons.wikimedia.org/wiki/File:Simone_Martini_046.jpg,1190047785,Simone Martini,Public domain,https://creativecommons.org/publicdomain/mark/1.0/,"Simone Martini — Simone Martini 046.jpg — Public domain. Redimensionado y convertido a WebP para el catálogo. Adaptación técnica: redimensionado y conversión a WebP, sin recorte; se conserva la licencia indicada.",painting,Simone Martini: representación de Isabel de Hungría.,53b75bf849be64b3e2a217fd78b187c460d4eb46936470020401599b54788559,288508,960,1172,PASS_SOURCE_REVERIFIED_AND_REMOTE_ANONYMOUS_200_WEBP
catalog-expansion-2026-139,santa-isabel-de-portugal,Santa Isabel de Portugal,/catalog/owner-2026/closure-20260918-santa-isabel-de-portugal.webp,"https://commons.wikimedia.org/wiki/File:Ret%C3%A1bulo_da_Rainha_Santa_Isabel,_s%C3%A9culo_XVI_(Museu_Nacional_de_Machado_de_Castro).png",1040514291,Autor del retablo no identificado,Public domain,https://creativecommons.org/publicdomain/mark/1.0/,"Autor del retablo no identificado — Retábulo da Rainha Santa Isabel, século XVI (Museu Nacional de Machado de Castro).png — Public domain. Redimensionado y convertido a WebP para el catálogo. Adaptación técnica: redimensionado y conversión a WebP, sin recorte; se conserva la licencia indicada.",painting,"Retablo del siglo XVI dedicado a Isabel de Portugal, conservado en el Museo Nacional de Machado de Castro.",07ab1e3e99d54192316699c910a3b5e1f3d16ed6ec23872e9a34c9d3a6217ae9,168954,960,1186,PASS_SOURCE_REVERIFIED_AND_REMOTE_ANONYMOUS_200_WEBP
catalog-expansion-2026-140,san-esteban-i-de-hungria,San Esteban I de Hungría,/catalog/owner-2026/closure-20260918-san-esteban-i-de-hungria.webp,"https://commons.wikimedia.org/wiki/File:Portrayal_of_Stephen_I,_King_of_Hungary_on_the_coronation_pall.jpg",1212625529,Autor del bordado medieval no identificado,Public domain,https://creativecommons.org/publicdomain/mark/1.0/,"Autor del bordado medieval no identificado — Portrayal of Stephen I, King of Hungary on the coronation pall.jpg — Public domain. Redimensionado y convertido a WebP para el catálogo. Adaptación técnica: redimensionado y conversión a WebP, sin recorte; se conserva la licencia indicada.",photograph,Detalle de la representación de Esteban I en el manto de coronación húngaro de 1031.,3cb3afc827d9e0b60c2b5c25cbd5ddc3356924f6eb82d14690b98ee5f1ef08da,599534,893,1200,PASS_SOURCE_REVERIFIED_AND_REMOTE_ANONYMOUS_200_WEBP
catalog-expansion-2026-141,santa-elena,Santa Elena,/catalog/owner-2026/closure-20260918-santa-elena.webp,https://commons.wikimedia.org/wiki/File:Elena_Colosseo_Rome_Italy.jpg,1174836423,Jebulon,CC0,https://creativecommons.org/publicdomain/zero/1.0/deed.en,"Jebulon; Elena Colosseo Rome Italy.jpg; Wikimedia Commons; CC0. Adaptación técnica: redimensionado y conversión a WebP, sin recorte; se conserva la licencia indicada.",sculpture,"Estatua antigua de Santa Elena, madre de Constantino, expuesta en el Coliseo de Roma.",5df57ff51169cfea4f7d20223f1619486b239c75249d1c5424d67e762fd7364e,65760,764,1200,PASS_SOURCE_REVERIFIED_AND_REMOTE_ANONYMOUS_200_WEBP
catalog-expansion-2026-142,san-eduardo-el-confesor,San Eduardo el Confesor,/catalog/owner-2026/closure-20260918-san-eduardo-el-confesor.webp,https://commons.wikimedia.org/wiki/File:Bayeux_Tapestry_scene1_EDWARD_REX.jpg,1200790823,Myrabella,Public domain,https://creativecommons.org/publicdomain/mark/1.0/,"Myrabella; Bayeux Tapestry scene1 EDWARD REX.jpg; Wikimedia Commons; Public domain. Adaptación técnica: redimensionado y conversión a WebP, sin recorte; se conserva la licencia indicada.",illustration,Eduardo el Confesor entronizado en la escena inicial del tapiz de Bayeux.,9b10d4d3420a4e5d7cb50a2d0800678da70dd5a8a9e76560ae5ba4269b8e9b2a,452614,960,1052,PASS_SOURCE_REVERIFIED_AND_REMOTE_ANONYMOUS_200_WEBP
catalog-expansion-2026-143,san-enrique-ii,San Enrique II,/catalog/owner-2026/closure-20260918-san-enrique-ii.webp,https://commons.wikimedia.org/wiki/File:Kronung_Heinrich_II.jpg,1253872330,anonymous,Public domain,https://creativecommons.org/publicdomain/mark/1.0/,"anonymous; Kronung Heinrich II.jpg; Wikimedia Commons; Public domain. Adaptación técnica: redimensionado y conversión a WebP, sin recorte; se conserva la licencia indicada.",illustration,Miniatura medieval de la coronación de Enrique II en su sacramentario.,7a41a5f77483f37bd61c3a0694935da6593b2535bc2c9700469ef4757901b10f,352890,826,1056,PASS_SOURCE_REVERIFIED_AND_REMOTE_ANONYMOUS_200_WEBP
catalog-expansion-2026-144,santa-clotilde,Santa Clotilde,/catalog/owner-2026/closure-20260918-santa-clotilde.webp,https://commons.wikimedia.org/wiki/File:Delpech_-_Clotilde.jpg,1144061388,François-Séraphin Delpech,Public domain,https://creativecommons.org/publicdomain/mark/1.0/,"François-Séraphin Delpech; Delpech - Clotilde.jpg; Wikimedia Commons; Public domain. Adaptación técnica: redimensionado y conversión a WebP, sin recorte; se conserva la licencia indicada.",illustration,"Representación histórica de Santa Clotilde, litografía publicada por Delpech.",6d247fa9e6b3d11074768a6cd2ad13111ab36843afba76a29c7b4f3f84d558e6,216342,838,1110,PASS_SOURCE_REVERIFIED_AND_REMOTE_ANONYMOUS_200_WEBP
catalog-expansion-2026-145,santa-pulqueria,Santa Pulqueria,/catalog/owner-2026/closure-20260918-santa-pulqueria.webp,https://commons.wikimedia.org/wiki/File:Pulcheria_coin.png,1183642075,CNG Coins,CC BY-SA 2.5,https://creativecommons.org/licenses/by-sa/2.5,"CNG Coins; Pulcheria coin.png; Wikimedia Commons; CC BY-SA 2.5. Adaptación técnica: redimensionado y conversión a WebP, sin recorte; se conserva la licencia indicada.",photograph,Moneda antigua con la representación de la emperatriz Pulqueria.,469cacd7887742a9002e2258f64834262dc12f197f6b11f766826ab824e02031,53252,399,362,PASS_SOURCE_REVERIFIED_AND_REMOTE_ANONYMOUS_200_WEBP
catalog-expansion-2026-146,san-wenceslao-de-bohemia,San Wenceslao de Bohemia,/catalog/owner-2026/closure-20260918-san-wenceslao-de-bohemia.webp,https://commons.wikimedia.org/wiki/File:Wolfenb%C3%BCttelsk%C3%BD_kodex_%E2%80%93_Gumpoldova_legenda_%E2%80%93_18v_cr.jpg,979748486,Autor no identificado,Public domain,https://creativecommons.org/publicdomain/mark/1.0/,"Autor no identificado; Wolfenbüttelský kodex – Gumpoldova legenda – 18v cr.jpg; Wikimedia Commons; Public domain. Adaptación técnica: redimensionado y conversión a WebP, sin recorte; se conserva la licencia indicada.",illustration,San Wenceslao en una miniatura del manuscrito de la leyenda de Gumpold.,e7e91d11d53d0160a93aa8379f388f4750ddc158dacf769475c6d4d2594e0d17,481070,960,1156,PASS_SOURCE_REVERIFIED_AND_REMOTE_ANONYMOUS_200_WEBP
catalog-expansion-2026-147,san-canuto-de-dinamarca,San Canuto de Dinamarca,/catalog/owner-2026/closure-20260918-san-canuto-de-dinamarca.webp,"https://commons.wikimedia.org/wiki/File:Christian-albrecht-von-benzon,_the_death_of_Canute_the_Holy.jpg",1190758912,Christian Albrecht von Benzon,Public domain,https://creativecommons.org/publicdomain/mark/1.0/,"Christian Albrecht von Benzon; Christian-albrecht-von-benzon, the death of Canute the Holy.jpg; Wikimedia Commons; Public domain. Adaptación técnica: redimensionado y conversión a WebP, sin recorte; se conserva la licencia indicada.",painting,"La muerte de Canuto el Santo, pintura de Christian Albrecht von Benzon.",3a526689bbf24c121565a32cdd5fa270506f8b0fd7362754e0590af9c0de70fc,201946,960,808,PASS_SOURCE_REVERIFIED_AND_REMOTE_ANONYMOUS_200_WEBP
catalog-expansion-2026-148,san-olaf-de-noruega,San Olaf de Noruega,/catalog/owner-2026/closure-20260918-san-olaf-de-noruega.webp,https://commons.wikimedia.org/wiki/File:Olav_der_Heilige07.jpg,1265675557,Autor no identificado en la fuente,Public domain,https://creativecommons.org/publicdomain/mark/1.0/,"Autor no identificado en la fuente; Olav der Heilige07.jpg; Wikimedia Commons; Public domain. Adaptación técnica: redimensionado y conversión a WebP, sin recorte; se conserva la licencia indicada.",photograph,Moneda medieval con la efigie de San Olaf de Noruega.,04b44b87f05feee0f6ce3e5b5950b49e5a84e7092adfc1a61df0cbe510056ef9,431564,960,960,PASS_SOURCE_REVERIFIED_AND_REMOTE_ANONYMOUS_200_WEBP
catalog-expansion-2026-149,san-ladislao-de-hungria,San Ladislao de Hungría,/catalog/owner-2026/closure-20260918-san-ladislao-de-hungria.webp,https://commons.wikimedia.org/wiki/File:King_St._Ladislaus.jpg,986967484,Medieval masters,CC BY 3.0,https://creativecommons.org/licenses/by/3.0,"Medieval masters; King St. Ladislaus.jpg; Wikimedia Commons; CC BY 3.0. Adaptación técnica: redimensionado y conversión a WebP, sin recorte; se conserva la licencia indicada.",sculpture,Busto relicario medieval que representa a San Ladislao I de Hungría.,957391789269c82a4cdebfe364afeb0e14cb1e690fa11d51a9935774319e043e,170860,920,1200,PASS_SOURCE_REVERIFIED_AND_REMOTE_ANONYMOUS_200_WEBP
catalog-expansion-2026-150,santa-casilda-de-toledo,Santa Casilda de Toledo,/catalog/owner-2026/closure-20260918-santa-casilda-de-toledo.webp,https://commons.wikimedia.org/wiki/File:Francisco_de_Zurbar%C3%A1n_-_Santa_Casilda.jpg,1144093950,Francisco de Zurbarán,Public domain,https://creativecommons.org/publicdomain/mark/1.0/,"Francisco de Zurbarán; Francisco de Zurbarán - Santa Casilda.jpg; Wikimedia Commons; Public domain. Adaptación técnica: redimensionado y conversión a WebP, sin recorte; se conserva la licencia indicada.",painting,"Santa Casilda de Toledo, pintura de Francisco de Zurbarán.",9f3d7e56943187316f3becdaf1e58c7c436b192b2cf9aa1b6676234bec838271,201966,729,1200,PASS_SOURCE_REVERIFIED_AND_REMOTE_ANONYMOUS_200_WEBP
catalog-expansion-2026-151,santa-rosa-de-lima,Santa Rosa de Lima,/catalog/owner-2026/closure-20260918-santa-rosa-de-lima.webp,https://commons.wikimedia.org/wiki/File:Sta_Rosa_de_Lima_por_Claudio_Coello.jpg,1125856786,Claudio Coello,Public domain,https://creativecommons.org/publicdomain/mark/1.0/,"Claudio Coello; Sta Rosa de Lima por Claudio Coello.jpg; Wikimedia Commons; Public domain. Adaptación técnica: redimensionado y conversión a WebP, sin recorte; se conserva la licencia indicada.",painting,"Santa Rosa de Lima, pintura de Claudio Coello.",59c667985c91c805395085acbed2716edbfc7dc6eeff2780fee11df62d3171c7,256910,799,1200,PASS_SOURCE_REVERIFIED_AND_REMOTE_ANONYMOUS_200_WEBP
catalog-expansion-2026-152,san-martin-de-porres,San Martín de Porres,/catalog/owner-2026/closure-20260918-san-martin-de-porres.webp,https://commons.wikimedia.org/wiki/File:San_Martin_de_Porres_huaycan.jpg,1107142313,Anonymous Unknown author,Public domain,https://creativecommons.org/publicdomain/mark/1.0/,"Anonymous Unknown author; San Martin de Porres huaycan.jpg; Wikimedia Commons; Public domain. Adaptación técnica: redimensionado y conversión a WebP, sin recorte; se conserva la licencia indicada.",painting,Representación pictórica de San Martín de Porres del monasterio de Santa Rosa de Lima.,815f82f77fbafea54e95e5cfab498975d348b754c8ec8d7a70c7a31840f870f6,17362,260,350,PASS_SOURCE_REVERIFIED_AND_REMOTE_ANONYMOUS_200_WEBP
catalog-expansion-2026-153,san-juan-diego-cuauhtlatoatzin,San Juan Diego Cuauhtlatoatzin,/catalog/owner-2026/closure-20260918-san-juan-diego-cuauhtlatoatzin.webp,https://commons.wikimedia.org/wiki/File:MIguel_Cabrera_-_Fiel_retrato_do_vener%C3%A1vel_Juan_Diego.jpg,555382698,Miguel Cabrera,Public domain,https://creativecommons.org/publicdomain/mark/1.0/,"Miguel Cabrera — MIguel Cabrera - Fiel retrato do venerável Juan Diego.jpg — Public domain. Imagen redimensionada y convertida a WebP. Adaptación técnica: redimensionado y conversión a WebP, sin recorte; se conserva la licencia indicada.",painting,Representación pictórica de San Juan Diego Cuauhtlatoatzin.,dda9b47a36d90440916bfb1430efd5d36888d3ada14304b1104d716f53985c2a,57640,434,661,PASS_SOURCE_REVERIFIED_AND_REMOTE_ANONYMOUS_200_WEBP
catalog-expansion-2026-154,san-toribio-de-mogrovejo,San Toribio de Mogrovejo,/catalog/owner-2026/closure-20260918-san-toribio-de-mogrovejo.webp,"https://commons.wikimedia.org/wiki/File:Santo_Toribio_Alfonso_de_Mogrovejo,_Arzobispo_de_Lima.jpg",1148994713,MNBAArgentina,Public domain,https://creativecommons.org/publicdomain/mark/1.0/,"MNBAArgentina; Santo Toribio Alfonso de Mogrovejo, Arzobispo de Lima.jpg; Wikimedia Commons; Public domain. Adaptación técnica: redimensionado y conversión a WebP, sin recorte; se conserva la licencia indicada.",painting,"Representación pictórica de Santo Toribio Alfonso de Mogrovejo, arzobispo de Lima.",115552d02228374124756d355e08ae1baf25948d78b0f7d169a3ddcd6d71c14b,359846,948,1200,PASS_SOURCE_REVERIFIED_AND_REMOTE_ANONYMOUS_200_WEBP
catalog-expansion-2026-155,san-francisco-solano,San Francisco Solano,/catalog/owner-2026/closure-20260918-san-francisco-solano.webp,https://commons.wikimedia.org/wiki/File:San_Francisco_Solano_(1549_-1610).jpg,1190888449,Attributed to Pedro Diaz,Public domain,https://creativecommons.org/publicdomain/mark/1.0/,"Attributed to Pedro Diaz; San Francisco Solano (1549 -1610).jpg; Wikimedia Commons; Public domain. Adaptación técnica: redimensionado y conversión a WebP, sin recorte; se conserva la licencia indicada.",painting,"Representación pictórica de San Francisco Solano, misionero franciscano.",dc708becb447b33d7abb4971b047329a5ab754abde93054525a3bf198b8b86f2,30596,377,600,PASS_SOURCE_REVERIFIED_AND_REMOTE_ANONYMOUS_200_WEBP
catalog-expansion-2026-156,san-juan-del-castillo,San Juan del Castillo,/catalog/owner-2026/closure-20260918-san-juan-del-castillo.webp,https://commons.wikimedia.org/wiki/File:CastilloJuan.jpg,1117078513,Autor no identificado,Public domain,https://creativecommons.org/publicdomain/mark/1.0/,"Autor no identificado; CastilloJuan.jpg; Wikimedia Commons; Public domain. Adaptación técnica: redimensionado y conversión a WebP, sin recorte; se conserva la licencia indicada.",painting,"Juan del Castillo, Roque González y Alonso Rodríguez, mártires del Paraguay, en una pintura de la colegiata de Belmonte.",e5b6764be49d6530f63dcea32cd181c121219fd18b4bb4245be1a2401614b4b9,26782,409,574,PASS_SOURCE_REVERIFIED_AND_REMOTE_ANONYMOUS_200_WEBP
catalog-expansion-2026-157,san-roque-gonzalez-de-santa-cruz,San Roque González de Santa Cruz,/catalog/owner-2026/closure-20260918-san-roque-gonzalez-de-santa-cruz.webp,https://commons.wikimedia.org/wiki/File:Roque_Gonz%C3%A1lez_de_Santa_Cruz.jpg,1134391380,Autor no identificado en la fuente,Public domain,https://creativecommons.org/publicdomain/mark/1.0/,"Autor no identificado en la fuente; Roque González de Santa Cruz.jpg; Wikimedia Commons; Public domain. Adaptación técnica: redimensionado y conversión a WebP, sin recorte; se conserva la licencia indicada.",painting,Representación pictórica de San Roque González de Santa Cruz.,21e601e60ae58134cfc86f52b1ec83ab669fa5a7fa3728d3db445665bb446c87,20212,307,384,PASS_SOURCE_REVERIFIED_AND_REMOTE_ANONYMOUS_200_WEBP
catalog-expansion-2026-158,san-alonso-rodriguez-martir,"San Alonso Rodríguez, mártir del Paraguay",/catalog/owner-2026/closure-20260918-san-alonso-rodriguez-martir.webp,https://commons.wikimedia.org/wiki/File:CastilloJuan.jpg,1117078513,Autor no identificado,Public domain,https://creativecommons.org/publicdomain/mark/1.0/,"Autor no identificado; CastilloJuan.jpg; Wikimedia Commons; Public domain. Adaptación técnica: redimensionado y conversión a WebP, sin recorte; se conserva la licencia indicada.",painting,"Alonso Rodríguez junto a Juan del Castillo y Roque González, mártires del Paraguay, en una pintura de la colegiata de Belmonte.",e5b6764be49d6530f63dcea32cd181c121219fd18b4bb4245be1a2401614b4b9,26782,409,574,PASS_SOURCE_REVERIFIED_AND_REMOTE_ANONYMOUS_200_WEBP
catalog-expansion-2026-159,santa-mariana-de-jesus,Santa Mariana de Jesús,/catalog/owner-2026/closure-20260918-santa-mariana-de-jesus.webp,https://commons.wikimedia.org/wiki/File:Mariana_de_Jes%C3%BAs.jpg,485548934,"Sylverio de Sotomayor, Francisco, approximately 1699-approximately 1763",Public domain,https://creativecommons.org/publicdomain/mark/1.0/,"Sylverio de Sotomayor, Francisco, approximately 1699-approximately 1763; Mariana de Jesús.jpg; Wikimedia Commons; Public domain. Adaptación técnica: redimensionado y conversión a WebP, sin recorte; se conserva la licencia indicada.",illustration,Mariana de Jesús de Quito en un grabado de Francisco Sylverio de Sotomayor de 1732.,9d2bb74c4a869d1f3b080c9f38140fab4798ec2c214e1e4dd1b971929b85dce2,286788,836,1200,PASS_SOURCE_REVERIFIED_AND_REMOTE_ANONYMOUS_200_WEBP
catalog-expansion-2026-160,san-hermano-pedro-de-san-jose-betancur,San Hermano Pedro de San José de Betancur,/catalog/owner-2026/closure-20260918-san-hermano-pedro-de-san-jose-betancur.webp,https://commons.wikimedia.org/wiki/File:Sanhermanopedro.JPG,873185156,Polylerus at English Wikipedia,Public domain,https://creativecommons.org/publicdomain/mark/1.0/,"Polylerus at English Wikipedia; Sanhermanopedro.JPG; Wikimedia Commons; Public domain. Adaptación técnica: redimensionado y conversión a WebP, sin recorte; se conserva la licencia indicada.",sculpture,Escultura del Hermano Pedro de San José de Betancur en su santuario cercano a El Médano.,aa5d0ddd738eabc98a806bac6ac400be2de64a605b5b38e67f1eefb10e76630b,26912,230,353,PASS_SOURCE_REVERIFIED_AND_REMOTE_ANONYMOUS_200_WEBP
catalog-expansion-2026-161,san-junipero-serra,San Junípero Serra,/catalog/owner-2026/closure-20260918-san-junipero-serra.webp,https://commons.wikimedia.org/wiki/File:Engraving_of_Jun%C3%ADpero_Serra_(1787)_(cropped).jpg,1230408418,Unknown author Unknown author,Public domain,https://creativecommons.org/publicdomain/mark/1.0/,"Unknown author Unknown author — Engraving of Junípero Serra (1787) (cropped).jpg — Public domain. Imagen redimensionada y convertida a WebP. Adaptación técnica: redimensionado y conversión a WebP, sin recorte; se conserva la licencia indicada.",illustration,Grabado de San Junípero Serra.,2f93dc550e207a4f6ade407c76408224edf6373f619c94613439021fe4f77c7e,456250,960,1061,PASS_SOURCE_REVERIFIED_AND_REMOTE_ANONYMOUS_200_WEBP
catalog-expansion-2026-162,santa-isabel-ana-seton,Santa Isabel Ana Seton,/catalog/owner-2026/closure-20260918-santa-isabel-ana-seton.webp,https://commons.wikimedia.org/wiki/File:Elizabeth_Ann_Seton_portrait_by_Amabilia_Filicchi.jpg,1018469613,Amabilia Filicchi,Public domain,https://creativecommons.org/publicdomain/mark/1.0/,"Amabilia Filicchi; Elizabeth Ann Seton portrait by Amabilia Filicchi.jpg; Wikimedia Commons; Public domain. Adaptación técnica: redimensionado y conversión a WebP, sin recorte; se conserva la licencia indicada.",painting,"Retrato de Isabel Ana Seton, reproducción de una pintura de Amabilia Filicchi.",7b1557e3dc6cb1f145f3b40c595bd249cab5eb93b499356f9913077a26ff143d,40382,443,709,PASS_SOURCE_REVERIFIED_AND_REMOTE_ANONYMOUS_200_WEBP
catalog-expansion-2026-163,santa-francisca-javier-cabrini,Santa Francisca Javier Cabrini,/catalog/owner-2026/closure-20260918-santa-francisca-javier-cabrini.webp,https://commons.wikimedia.org/wiki/File:Francesca_Cabrini.JPG,1259784349,Autor no identificado,Public domain,https://creativecommons.org/publicdomain/mark/1.0/,"Autor no identificado; Francesca Cabrini.JPG; Wikimedia Commons; Public domain. Adaptación técnica: redimensionado y conversión a WebP, sin recorte; se conserva la licencia indicada.",photograph,Retrato fotográfico histórico de Santa Francisca Javier Cabrini.,278dd9e93c2afc88eb4665512122f6521845869aca1999f8f4a5f8a07952e82a,155386,878,1041,PASS_SOURCE_REVERIFIED_AND_REMOTE_ANONYMOUS_200_WEBP
catalog-expansion-2026-164,santa-kateri-tekakwitha,Santa Kateri Tekakwitha,/catalog/owner-2026/closure-20260918-santa-kateri-tekakwitha.webp,https://commons.wikimedia.org/wiki/File:CatherinaeTekakwithaVirginis1690.jpg,1189411703,"Father Claude Chauchetière, S.J.",Public domain,https://creativecommons.org/publicdomain/mark/1.0/,"Father Claude Chauchetière, S.J. — CatherinaeTekakwithaVirginis1690.jpg — Public domain. Imagen redimensionada y convertida a WebP. Adaptación técnica: redimensionado y conversión a WebP, sin recorte; se conserva la licencia indicada.",painting,Representación pictórica de Santa Kateri Tekakwitha.,c14c698141e8c5a4c7f262c85632a68e9b98e47348cfc1d9e6c3283b1ef4b0de,50660,375,626,PASS_SOURCE_REVERIFIED_AND_REMOTE_ANONYMOUS_200_WEBP
catalog-expansion-2026-165,san-isaac-jogues,San Isaac Jogues,/catalog/owner-2026/closure-20260918-san-isaac-jogues.webp,https://commons.wikimedia.org/wiki/File:Father_Isaac_Jogues_S.J.jpg,1249857422,Donald Guthrie McNab,Public domain,https://creativecommons.org/publicdomain/mark/1.0/,"Donald Guthrie McNab; Father Isaac Jogues S.J.jpg; Wikimedia Commons; Public domain. Adaptación técnica: redimensionado y conversión a WebP, sin recorte; se conserva la licencia indicada.",illustration,"Representación de San Isaac Jogues, obra de Donald Guthrie McNab.",6ea38429b5f2a1f3ab477c60527132b112a851c40773e121fc88bbf69a7aa168,8598,362,450,PASS_SOURCE_REVERIFIED_AND_REMOTE_ANONYMOUS_200_WEBP
catalog-expansion-2026-166,san-juan-de-brebeuf,San Juan de Brébeuf,/catalog/owner-2026/closure-20260918-san-juan-de-brebeuf.webp,https://commons.wikimedia.org/wiki/File:Br%C3%A9buef-jesuits04jesuuoft.jpg,1099835114,"Thwaites, Reuben Gold, 1853-1913",Public domain,https://creativecommons.org/publicdomain/mark/1.0/,"Thwaites, Reuben Gold, 1853-1913; Brébuef-jesuits04jesuuoft.jpg; Wikimedia Commons; Public domain. Adaptación técnica: redimensionado y conversión a WebP, sin recorte; se conserva la licencia indicada.",illustration,Retrato histórico de San Juan de Brébeuf publicado en una obra sobre los jesuitas de Nueva Francia.,7965f3ab2365f77b1b862226d7bc51bbb2a4573a8c13acd3e25b1a6a8c3e511d,44096,321,517,PASS_SOURCE_REVERIFIED_AND_REMOTE_ANONYMOUS_200_WEBP
catalog-expansion-2026-167,san-alberto-hurtado,San Alberto Hurtado,/catalog/owner-2026/closure-20260918-san-alberto-hurtado.webp,https://commons.wikimedia.org/wiki/File:Escultura_San_Alberto_Hurtado.jpg,1232796595,Rjcastillo,CC BY-SA 4.0,https://creativecommons.org/licenses/by-sa/4.0,"Rjcastillo — Escultura San Alberto Hurtado.jpg — CC BY-SA 4.0. Imagen redimensionada y convertida a WebP. Adaptación técnica: redimensionado y conversión a WebP, sin recorte; se conserva la licencia indicada.",sculpture,Fotografía de una escultura de San Alberto Hurtado; representación artística del sacerdote.,fcf57fb2ec4b455243041b6e45611dba16cefa2ecbdc9eb4e2032e371df7c413,162932,500,991,PASS_SOURCE_REVERIFIED_AND_REMOTE_ANONYMOUS_200_WEBP
catalog-expansion-2026-168,santa-teresa-de-los-andes,Santa Teresa de Los Andes,/catalog/owner-2026/closure-20260918-santa-teresa-de-los-andes.webp,https://commons.wikimedia.org/wiki/File:Teresa_de_los_Andes.jpg,1277575499,Unknown photographer,Public domain,https://creativecommons.org/publicdomain/mark/1.0/,"Unknown photographer; Teresa de los Andes.jpg; Wikimedia Commons; Public domain. Adaptación técnica: redimensionado y conversión a WebP, sin recorte; se conserva la licencia indicada.",photograph,Fotografía histórica de Santa Teresa de Los Andes.,89eefb054eaeec5b63ae0f44024b19e3a0e639dc1bd66e4ac28f638d07a6eae2,46260,352,498,PASS_SOURCE_REVERIFIED_AND_REMOTE_ANONYMOUS_200_WEBP
catalog-expansion-2026-169,san-oscar-arnulfo-romero,San Óscar Arnulfo Romero,/catalog/owner-2026/closure-20260918-san-oscar-arnulfo-romero.webp,https://commons.wikimedia.org/wiki/File:Monse%C3%B1or_Romero_(colour).jpg,1241676458,Arzobispado de San Salvador; Congregatio de Causis Sanctorum,Public domain,https://creativecommons.org/publicdomain/mark/1.0/,"Arzobispado de San Salvador; Congregatio de Causis Sanctorum — Monseñor Romero (colour).jpg — Public domain. Imagen redimensionada y convertida a WebP. Adaptación técnica: redimensionado y conversión a WebP, sin recorte; se conserva la licencia indicada.",photograph,Fotografía histórica de San Óscar Arnulfo Romero.,91e29e2c07c8f5f0e2863d26202693fdd8e6578c312cb2d3f2b538171011d9dd,49136,631,717,PASS_SOURCE_REVERIFIED_AND_REMOTE_ANONYMOUS_200_WEBP
catalog-expansion-2026-170,san-jose-gabriel-del-rosario-brochero,San José Gabriel del Rosario Brochero,/catalog/owner-2026/closure-20260918-san-jose-gabriel-del-rosario-brochero.webp,https://commons.wikimedia.org/wiki/File:Cura_Brochero_01.jpg,1156276072,Autor no identificado,Public domain,https://creativecommons.org/publicdomain/mark/1.0/,"Autor no identificado; Cura Brochero 01.jpg; Wikimedia Commons; Public domain. Adaptación técnica: redimensionado y conversión a WebP, sin recorte; se conserva la licencia indicada.",photograph,Fotografía histórica del sacerdote José Gabriel del Rosario Brochero.,820879de9e7d92264e2f0cb7efc869cf0e91d8e7c0639296d8b234c8738327fc,31682,556,751,PASS_SOURCE_REVERIFIED_AND_REMOTE_ANONYMOUS_200_WEBP
catalog-expansion-2026-171,santa-teresa-de-lisieux,Santa Teresa de Lisieux,/catalog/owner-2026/closure-20260918-santa-teresa-de-lisieux.webp,"https://commons.wikimedia.org/wiki/File:Statue_of_Th%C3%A9r%C3%A8se_de_Lisieux_in_the_Lady_Chapel_of_the_Cathedral_of_Saint_George,_Southwark_(01).jpg",1224700473,Doyle of London,CC BY-SA 4.0,https://creativecommons.org/licenses/by-sa/4.0,"Doyle of London; Statue of Thérèse de Lisieux in the Lady Chapel of the Cathedral of Saint George, Southwark (01).jpg; Wikimedia Commons; CC BY-SA 4.0. Adaptación técnica: redimensionado y conversión a WebP, sin recorte; se conserva la licencia indicada.",sculpture,"Escultura de Santa Teresa de Lisieux en la capilla de la Virgen de la catedral de San Jorge, Southwark.",901d4a02cd4f33c4e1022c49664a56a81b415a75f6a6274db2987f8de9f77530,138188,901,1200,PASS_SOURCE_REVERIFIED_AND_REMOTE_ANONYMOUS_200_WEBP
catalog-expansion-2026-172,santa-juana-de-arco,Santa Juana de Arco,/catalog/owner-2026/closure-20260918-santa-juana-de-arco.webp,https://commons.wikimedia.org/wiki/File:Joan_of_Arc_miniature_graded.jpg,1189971994,Autor no identificado en la fuente,Public domain,https://creativecommons.org/publicdomain/mark/1.0/,"Autor no identificado en la fuente; Joan of Arc miniature graded.jpg; Wikimedia Commons; Public domain. Adaptación técnica: redimensionado y conversión a WebP, sin recorte; se conserva la licencia indicada.",illustration,"Representación de Juana de Arco en una miniatura de autor anónimo, probablemente del siglo XIX.",e7ae9e2d060b16fc3bde0b5833966ebe8cc224de56db52fed90e069566f30f3d,374768,806,1200,PASS_SOURCE_REVERIFIED_AND_REMOTE_ANONYMOUS_200_WEBP
catalog-expansion-2026-173,san-juan-pablo-ii,San Juan Pablo II,/catalog/owner-2026/closure-20260918-san-juan-pablo-ii.webp,https://commons.wikimedia.org/wiki/File:ADAMELLO_-_PAPA_-_Giovanni_Paolo_II_-_panoramio_(cropped).jpg,1031506853,Gregorini Demetrio,CC BY-SA 3.0,https://creativecommons.org/licenses/by-sa/3.0,"Gregorini Demetrio — ADAMELLO - PAPA - Giovanni Paolo II - panoramio (cropped).jpg — CC BY-SA 3.0. Imagen redimensionada y convertida a WebP. Adaptación técnica: redimensionado y conversión a WebP, sin recorte; se conserva la licencia indicada.",photograph,Fotografía histórica de San Juan Pablo II.,36f3defdff222c3d26c38d8848a8d61dfeceddc0f70e2abca4a927c5bf2f0aa2,85256,762,889,PASS_SOURCE_REVERIFIED_AND_REMOTE_ANONYMOUS_200_WEBP
catalog-expansion-2026-174,santa-teresa-de-calcuta,Santa Teresa de Calcuta,/catalog/owner-2026/closure-20260918-santa-teresa-de-calcuta.webp,https://commons.wikimedia.org/wiki/File:Mother_Teresa_1.jpg,1189543132,"Kingkongphoto & www.celebrity-photos.com from Laurel Maryland, USA",CC BY-SA 2.0,https://creativecommons.org/licenses/by-sa/2.0,"Kingkongphoto & www.celebrity-photos.com from Laurel Maryland, USA — Mother Teresa 1.jpg — CC BY-SA 2.0. Imagen redimensionada y convertida a WebP. Adaptación técnica: redimensionado y conversión a WebP, sin recorte; se conserva la licencia indicada.",photograph,Fotografía histórica de Santa Teresa de Calcuta.,63029941cc4e24434a8900cad134033ceba0bd8376f080eb4098a2ce5a0c2a73,77898,871,1200,PASS_SOURCE_REVERIFIED_AND_REMOTE_ANONYMOUS_200_WEBP
catalog-expansion-2026-175,san-maximiliano-kolbe,San Maximiliano Kolbe,/catalog/owner-2026/closure-20260918-san-maximiliano-kolbe.webp,https://commons.wikimedia.org/wiki/File:Fr.Maximilian_Kolbe_in_1936.jpg,1259340791,Autor no identificado,Public domain,https://creativecommons.org/publicdomain/mark/1.0/,"Autor no identificado; Fr.Maximilian Kolbe in 1936.jpg; Wikimedia Commons; Public domain. Adaptación técnica: redimensionado y conversión a WebP, sin recorte; se conserva la licencia indicada.",photograph,Fotografía de San Maximiliano Kolbe en 1936.,af63058a8b39d77c5d9edb87c64eaa3b0f9d1728c33ed8a3c24c511542c8b366,41422,726,981,PASS_SOURCE_REVERIFIED_AND_REMOTE_ANONYMOUS_200_WEBP
catalog-expansion-2026-176,santa-faustina-kowalska,Santa Faustina Kowalska,/catalog/owner-2026/closure-20260918-santa-faustina-kowalska.webp,https://commons.wikimedia.org/wiki/File:Maria_Faustyna_Kowalska.jpg,1248227350,Stanisław Sztama,Public domain,https://creativecommons.org/publicdomain/mark/1.0/,"Stanisław Sztama — Maria Faustyna Kowalska.jpg — Public domain. Imagen redimensionada y convertida a WebP. Adaptación técnica: redimensionado y conversión a WebP, sin recorte; se conserva la licencia indicada.",illustration,Retrato coloreado de Santa Faustina Kowalska.,5aec8d1bacca9f9f306483fda7d95a99b5cd63e8bc370106541535f250bbb83d,55096,658,874,PASS_SOURCE_REVERIFIED_AND_REMOTE_ANONYMOUS_200_WEBP
catalog-expansion-2026-177,san-juan-xxiii,San Juan XXIII,/catalog/owner-2026/closure-20260918-san-juan-xxiii.webp,"https://commons.wikimedia.org/wiki/File:Ioannes_XXIII,_by_De_Agostini,_1958%E2%80%931963.jpg",1273149693,De Agostini Editore,Public domain,https://creativecommons.org/publicdomain/mark/1.0/,"De Agostini Editore — Ioannes XXIII, by De Agostini, 1958–1963.jpg — Public domain. Imagen redimensionada y convertida a WebP. Adaptación técnica: redimensionado y conversión a WebP, sin recorte; se conserva la licencia indicada.",photograph,Fotografía histórica de San Juan XXIII.,6c16a330655207fc77b3963833de0e554e23de5e272ff65e3dbca0dfa556f690,213764,911,1200,PASS_SOURCE_REVERIFIED_AND_REMOTE_ANONYMOUS_200_WEBP
catalog-expansion-2026-178,san-pablo-vi,San Pablo VI,/catalog/owner-2026/closure-20260918-san-pablo-vi.webp,https://commons.wikimedia.org/wiki/File:Pope_Paul_VI_1969_Portrait_(4x5_cropped).jpg,1273151067,Fotografia Felici,Public domain,https://creativecommons.org/publicdomain/mark/1.0/,"Fotografia Felici — Pope Paul VI 1969 Portrait (4x5 cropped).jpg — Public domain. Imagen redimensionada y convertida a WebP. Adaptación técnica: redimensionado y conversión a WebP, sin recorte; se conserva la licencia indicada.",photograph,Fotografía histórica de San Pablo VI.,0a33cd500c93bc8d5fc2b09f9446a4d00c4bd942b1b31f15d928c17efb6034b5,121836,959,1200,PASS_SOURCE_REVERIFIED_AND_REMOTE_ANONYMOUS_200_WEBP
catalog-expansion-2026-179,santa-edith-stein,Santa Edith Stein,/catalog/owner-2026/closure-20260918-santa-edith-stein.webp,https://commons.wikimedia.org/wiki/File:Edith_Stein_(ca._1938-1939).jpg,1224025001,Autor no identificado,Public domain,https://creativecommons.org/publicdomain/mark/1.0/,"Autor no identificado; Edith Stein (ca. 1938-1939).jpg; Wikimedia Commons; Public domain. Adaptación técnica: redimensionado y conversión a WebP, sin recorte; se conserva la licencia indicada.",photograph,"Fotografía de pasaporte de Edith Stein, tomada hacia 1938 o 1939.",9d38cac6bb051ca884d5a3986a9bd99b31c3f7b9f1a9fe5eeca20587dfbda444,269010,960,1091,PASS_SOURCE_REVERIFIED_AND_REMOTE_ANONYMOUS_200_WEBP
catalog-expansion-2026-200,san-carlo-acutis,San Carlo Acutis,/catalog/owner-2026/closure-20260918-san-carlo-acutis.webp,"https://commons.wikimedia.org/wiki/File:Covent_Garden,_Corpus_Christi_Catholic_Church,_Carlo_Acutis_memorial.jpg",1082722839,AndyScott,CC BY-SA 4.0,https://creativecommons.org/licenses/by-sa/4.0,"AndyScott — Covent Garden, Corpus Christi Catholic Church, Carlo Acutis memorial.jpg — CC BY-SA 4.0. Imagen redimensionada y convertida a WebP. Adaptación técnica: redimensionado y conversión a WebP, sin recorte; se conserva la licencia indicada.",sculpture,"Fotografía del relieve conmemorativo de San Carlo Acutis en la iglesia Corpus Christi de Londres; representación escultórica, no retrato fotográfico del santo.",35baed02055b7dc5c65d12741d0481eb84e0ecc082fb9fbb488ff634fa557e88,141186,745,1200,PASS_SOURCE_REVERIFIED_AND_REMOTE_ANONYMOUS_200_WEBP
